batch,layer,iteration,file,recv_mean,recv_std,recv_cv,recv_min,recv_p50,recv_max,recv_max_over_mean,recv_min_over_mean,recv_argmax_rank,recv_total_max_over_mean,send_max_over_mean,pair_max_over_mean
1024,3,100,batch_1024/layer_003_iteration_0100.csv,125.8906,12.0793,0.0960,98,125.0000,154,1.2233,0.7785,16,1.2266,1.0168,4.5039
1024,3,175,batch_1024/layer_003_iteration_0175.csv,126.0469,11.9379,0.0947,87,126.0000,148,1.1742,0.6902,50,1.1797,1.0155,4.4983
1024,3,250,batch_1024/layer_003_iteration_0250.csv,126.0625,10.6637,0.0846,99,127.0000,154,1.2216,0.7853,31,1.2109,1.0154,3.9980
1024,3,325,batch_1024/layer_003_iteration_0325.csv,126.0469,9.8146,0.0779,108,125.5000,147,1.1662,0.8568,49,1.1562,1.0155,3.9985
1024,3,399,batch_1024/layer_003_iteration_0399.csv,125.9062,11.1744,0.0888,108,125.0000,164,1.3026,0.8578,43,1.3203,1.0166,4.0030
1024,4,100,batch_1024/layer_004_iteration_0100.csv,125.8594,10.5102,0.0835,106,125.0000,152,1.2077,0.8422,7,1.2266,1.0170,4.0045
1024,4,175,batch_1024/layer_004_iteration_0175.csv,125.9844,12.8920,0.1023,100,126.0000,162,1.2859,0.7937,37,1.2812,1.0160,4.5006
1024,4,250,batch_1024/layer_004_iteration_0250.csv,125.7500,12.3238,0.0980,91,126.0000,159,1.2644,0.7237,51,1.2500,1.0179,4.0080
1024,4,325,batch_1024/layer_004_iteration_0325.csv,126.1875,12.1139,0.0960,101,124.5000,161,1.2759,0.8004,59,1.2891,1.0144,4.4933
1024,4,399,batch_1024/layer_004_iteration_0399.csv,125.8906,11.3745,0.0904,103,126.5000,148,1.1756,0.8182,1,1.1875,1.0168,4.0035
1024,5,100,batch_1024/layer_005_iteration_0100.csv,126.0781,10.5005,0.0833,110,125.0000,161,1.2770,0.8725,8,1.2812,1.0152,3.9975
1024,5,175,batch_1024/layer_005_iteration_0175.csv,126.0781,12.3924,0.0983,94,126.0000,167,1.3246,0.7456,0,1.3125,1.0152,3.4978
1024,5,250,batch_1024/layer_005_iteration_0250.csv,126.0469,14.4140,0.1144,89,125.0000,165,1.3090,0.7061,3,1.3125,1.0155,4.4983
1024,5,325,batch_1024/layer_005_iteration_0325.csv,126.1250,9.6671,0.0766,105,125.0000,154,1.2210,0.8325,0,1.2188,1.0149,3.9960
1024,5,399,batch_1024/layer_005_iteration_0399.csv,125.9688,13.2782,0.1054,101,125.0000,172,1.3654,0.8018,0,1.3750,1.0161,5.0012
1024,6,100,batch_1024/layer_006_iteration_0100.csv,126.0000,13.2794,0.1054,94,124.5000,163,1.2937,0.7460,0,1.2969,1.0159,4.5000
1024,6,175,batch_1024/layer_006_iteration_0175.csv,126.0000,12.4737,0.0990,99,125.0000,161,1.2778,0.7857,0,1.2812,1.0159,4.0000
1024,6,250,batch_1024/layer_006_iteration_0250.csv,125.7188,10.2187,0.0813,107,125.5000,148,1.1772,0.8511,44,1.1797,1.0181,4.0089
1024,6,325,batch_1024/layer_006_iteration_0325.csv,126.0938,13.2826,0.1053,106,123.0000,164,1.3006,0.8406,0,1.3203,1.0151,3.9970
1024,6,399,batch_1024/layer_006_iteration_0399.csv,125.9219,11.8826,0.0944,99,126.0000,161,1.2786,0.7862,0,1.2969,1.0165,4.5028
1024,7,100,batch_1024/layer_007_iteration_0100.csv,126.1250,19.2683,0.1528,93,125.0000,239,1.8949,0.7374,0,1.8984,1.0149,3.9960
1024,7,175,batch_1024/layer_007_iteration_0175.csv,125.9688,19.2516,0.1528,101,122.0000,243,1.9290,0.8018,0,1.9141,1.0161,5.5014
1024,7,250,batch_1024/layer_007_iteration_0250.csv,125.6250,18.7029,0.1489,85,125.5000,233,1.8547,0.6766,0,1.8594,1.0189,4.5134
1024,7,325,batch_1024/layer_007_iteration_0325.csv,126.0156,20.6900,0.1642,101,124.5000,244,1.9363,0.8015,0,1.9609,1.0157,4.4994
1024,7,399,batch_1024/layer_007_iteration_0399.csv,126.0938,22.7656,0.1805,93,123.5000,256,2.0302,0.7375,0,2.0625,1.0151,4.4967
1024,8,100,batch_1024/layer_008_iteration_0100.csv,125.9219,39.6151,0.3146,96,123.0000,424,3.3672,0.7624,0,3.3906,1.0165,5.5034
1024,8,175,batch_1024/layer_008_iteration_0175.csv,125.8125,38.0546,0.3025,92,118.5000,405,3.2191,0.7312,0,3.2266,1.0174,6.0089
1024,8,250,batch_1024/layer_008_iteration_0250.csv,125.9688,35.7683,0.2839,90,122.5000,388,3.0801,0.7145,0,3.0781,1.0161,6.5016
1024,8,325,batch_1024/layer_008_iteration_0325.csv,126.3125,37.7851,0.2991,89,120.5000,402,3.1826,0.7046,0,3.1641,1.0134,5.9852
1024,8,399,batch_1024/layer_008_iteration_0399.csv,126.0781,41.5513,0.3296,92,122.0000,441,3.4978,0.7297,0,3.5156,1.0152,4.9969
1024,9,100,batch_1024/layer_009_iteration_0100.csv,126.3750,12.4116,0.0982,105,125.0000,161,1.2740,0.8309,8,1.2656,1.0129,3.4896
1024,9,175,batch_1024/layer_009_iteration_0175.csv,126.0312,14.3352,0.1137,87,127.0000,153,1.2140,0.6903,6,1.2188,1.0156,4.9988
1024,9,250,batch_1024/layer_009_iteration_0250.csv,125.7812,11.8116,0.0939,98,127.0000,149,1.1846,0.7791,2,1.1875,1.0176,4.0070
1024,9,325,batch_1024/layer_009_iteration_0325.csv,126.0156,13.1571,0.1044,104,126.5000,163,1.2935,0.8253,3,1.2734,1.0157,4.9994
1024,9,399,batch_1024/layer_009_iteration_0399.csv,125.7188,13.8671,0.1103,102,123.5000,168,1.3363,0.8113,5,1.3438,1.0181,4.0089
1024,10,100,batch_1024/layer_010_iteration_0100.csv,125.8906,15.8115,0.1256,100,125.0000,192,1.5251,0.7943,0,1.5234,1.0168,4.5039
1024,10,175,batch_1024/layer_010_iteration_0175.csv,125.8438,14.9449,0.1188,94,125.0000,191,1.5178,0.7470,0,1.5000,1.0171,4.0050
1024,10,250,batch_1024/layer_010_iteration_0250.csv,125.9219,14.1502,0.1124,89,123.0000,193,1.5327,0.7068,0,1.5781,1.0165,4.0025
1024,10,325,batch_1024/layer_010_iteration_0325.csv,125.8594,15.9127,0.1264,95,125.0000,200,1.5891,0.7548,0,1.6016,1.0170,4.0045
1024,10,399,batch_1024/layer_010_iteration_0399.csv,126.2031,15.6317,0.1239,99,123.0000,197,1.5610,0.7844,0,1.5391,1.0142,4.4928
1024,11,100,batch_1024/layer_011_iteration_0100.csv,126.3906,13.4996,0.1068,99,127.0000,175,1.3846,0.7833,2,1.3828,1.0127,3.9876
1024,11,175,batch_1024/layer_011_iteration_0175.csv,126.0938,14.7846,0.1173,101,123.0000,182,1.4434,0.8010,2,1.4375,1.0151,3.9970
1024,11,250,batch_1024/layer_011_iteration_0250.csv,125.9531,11.9222,0.0947,99,126.0000,162,1.2862,0.7860,0,1.2891,1.0163,4.5017
1024,11,325,batch_1024/layer_011_iteration_0325.csv,126.2344,14.7211,0.1166,93,123.5000,167,1.3229,0.7367,0,1.3203,1.0140,4.4916
1024,11,399,batch_1024/layer_011_iteration_0399.csv,125.9688,15.6135,0.1239,100,125.0000,205,1.6274,0.7938,0,1.6328,1.0161,4.0010
1024,12,100,batch_1024/layer_012_iteration_0100.csv,125.9375,12.2000,0.0969,101,125.0000,161,1.2784,0.8020,2,1.2812,1.0164,4.5022
1024,12,175,batch_1024/layer_012_iteration_0175.csv,125.9375,13.5818,0.1078,96,125.0000,166,1.3181,0.7623,7,1.3125,1.0164,4.5022
1024,12,250,batch_1024/layer_012_iteration_0250.csv,125.9531,13.0497,0.1036,101,125.5000,160,1.2703,0.8019,0,1.3047,1.0163,4.0015
1024,12,325,batch_1024/layer_012_iteration_0325.csv,126.1719,11.4217,0.0905,103,128.0000,164,1.2998,0.8163,0,1.3281,1.0145,4.4939
1024,12,399,batch_1024/layer_012_iteration_0399.csv,126.1250,12.1237,0.0961,101,125.0000,166,1.3162,0.8008,4,1.3203,1.0149,4.4955
1024,13,100,batch_1024/layer_013_iteration_0100.csv,125.9844,11.6800,0.0927,98,126.0000,159,1.2621,0.7779,43,1.2500,1.0160,4.5006
1024,13,175,batch_1024/layer_013_iteration_0175.csv,125.6719,13.9945,0.1114,86,123.0000,156,1.2413,0.6843,0,1.2500,1.0185,4.0104
1024,13,250,batch_1024/layer_013_iteration_0250.csv,126.0312,13.3709,0.1061,100,126.0000,178,1.4123,0.7935,0,1.4219,1.0156,3.4991
1024,13,325,batch_1024/layer_013_iteration_0325.csv,126.0469,13.0473,0.1035,97,125.0000,171,1.3566,0.7696,0,1.3516,1.0155,3.9985
1024,13,399,batch_1024/layer_013_iteration_0399.csv,126.2031,13.1294,0.1040,93,125.0000,163,1.2916,0.7369,0,1.2969,1.0142,5.4911
1024,14,100,batch_1024/layer_014_iteration_0100.csv,125.6406,18.9616,0.1509,94,124.0000,242,1.9261,0.7482,0,1.9062,1.0188,4.5129
1024,14,175,batch_1024/layer_014_iteration_0175.csv,126.0625,17.2417,0.1368,96,126.0000,224,1.7769,0.7615,0,1.7578,1.0154,3.9980
1024,14,250,batch_1024/layer_014_iteration_0250.csv,125.8906,20.8328,0.1655,89,123.5000,249,1.9779,0.7070,0,1.9844,1.0168,5.0043
1024,14,325,batch_1024/layer_014_iteration_0325.csv,126.1406,19.0196,0.1508,88,124.0000,243,1.9264,0.6976,0,1.9453,1.0147,4.9944
1024,14,399,batch_1024/layer_014_iteration_0399.csv,126.1719,22.3352,0.1770,94,123.5000,272,2.1558,0.7450,0,2.1719,1.0145,4.9932
1024,15,100,batch_1024/layer_015_iteration_0100.csv,126.0469,16.6569,0.1321,89,124.0000,181,1.4360,0.7061,2,1.4297,1.0155,3.9985
1024,15,175,batch_1024/layer_015_iteration_0175.csv,126.0000,18.5859,0.1475,95,122.0000,204,1.6190,0.7540,0,1.6172,1.0159,4.5000
1024,15,250,batch_1024/layer_015_iteration_0250.csv,125.5000,15.7837,0.1258,95,125.5000,171,1.3625,0.7570,0,1.3750,1.0199,4.0159
1024,15,325,batch_1024/layer_015_iteration_0325.csv,125.9375,17.7974,0.1413,99,121.0000,198,1.5722,0.7861,0,1.6016,1.0164,5.0025
1024,15,399,batch_1024/layer_015_iteration_0399.csv,126.1719,15.5509,0.1233,99,126.0000,192,1.5217,0.7846,0,1.5234,1.0145,3.9946
1024,16,100,batch_1024/layer_016_iteration_0100.csv,126.2969,22.7326,0.1800,98,119.5000,240,1.9003,0.7759,0,1.9141,1.0135,4.4894
1024,16,175,batch_1024/layer_016_iteration_0175.csv,126.2969,24.8185,0.1965,85,124.0000,257,2.0349,0.6730,1,2.0234,1.0135,4.4894
1024,16,250,batch_1024/layer_016_iteration_0250.csv,125.8906,21.8676,0.1737,93,124.0000,245,1.9461,0.7387,1,1.9453,1.0168,4.0035
1024,16,325,batch_1024/layer_016_iteration_0325.csv,126.1719,22.7675,0.1804,97,122.0000,250,1.9814,0.7688,1,1.9766,1.0145,3.9946
1024,16,399,batch_1024/layer_016_iteration_0399.csv,126.0469,23.2153,0.1842,92,120.5000,235,1.8644,0.7299,0,1.8594,1.0155,4.4983
1024,17,100,batch_1024/layer_017_iteration_0100.csv,125.8281,42.0374,0.3341,89,119.0000,444,3.5286,0.7073,0,3.5234,1.0173,6.0082
1024,17,175,batch_1024/layer_017_iteration_0175.csv,125.9219,43.5626,0.3459,99,119.0000,460,3.6531,0.7862,0,3.6406,1.0165,6.0037
1024,17,250,batch_1024/layer_017_iteration_0250.csv,126.0312,43.5671,0.3457,97,121.0000,459,3.6420,0.7697,0,3.6172,1.0156,5.9985
1024,17,325,batch_1024/layer_017_iteration_0325.csv,126.1875,41.7900,0.3312,95,120.5000,440,3.4869,0.7528,0,3.5000,1.0144,5.9911
1024,17,399,batch_1024/layer_017_iteration_0399.csv,125.9844,46.8563,0.3719,100,120.0000,490,3.8894,0.7937,0,3.9141,1.0160,6.5008
1024,18,100,batch_1024/layer_018_iteration_0100.csv,125.9219,11.6610,0.0926,104,125.5000,153,1.2150,0.8259,0,1.2031,1.0165,3.5022
1024,18,175,batch_1024/layer_018_iteration_0175.csv,125.8281,10.9338,0.0869,103,124.5000,159,1.2636,0.8186,14,1.2578,1.0173,4.0055
1024,18,250,batch_1024/layer_018_iteration_0250.csv,126.0781,11.8471,0.0940,97,126.0000,162,1.2849,0.7694,7,1.2812,1.0152,4.4972
1024,18,325,batch_1024/layer_018_iteration_0325.csv,126.0312,14.1785,0.1125,88,125.5000,170,1.3489,0.6982,7,1.3594,1.0156,3.9990
1024,18,399,batch_1024/layer_018_iteration_0399.csv,125.9062,11.8766,0.0943,99,126.0000,163,1.2946,0.7863,10,1.2812,1.0166,3.5026
1024,19,100,batch_1024/layer_019_iteration_0100.csv,126.0781,12.9835,0.1030,94,126.5000,169,1.3404,0.7456,0,1.3516,1.0152,3.9975
1024,19,175,batch_1024/layer_019_iteration_0175.csv,126.0938,15.0776,0.1196,95,126.0000,183,1.4513,0.7534,0,1.4609,1.0151,4.4967
1024,19,250,batch_1024/layer_019_iteration_0250.csv,126.2500,11.9138,0.0944,105,126.0000,167,1.3228,0.8317,1,1.3281,1.0139,4.4911
1024,19,325,batch_1024/layer_019_iteration_0325.csv,125.9844,13.2152,0.1049,103,125.0000,174,1.3811,0.8176,0,1.4219,1.0160,5.0006
1024,19,399,batch_1024/layer_019_iteration_0399.csv,125.9375,15.0633,0.1196,93,128.0000,185,1.4690,0.7385,1,1.4766,1.0164,4.0020
1024,20,100,batch_1024/layer_020_iteration_0100.csv,125.9844,20.1242,0.1597,96,120.5000,239,1.8971,0.7620,0,1.8984,1.0160,4.5006
1024,20,175,batch_1024/layer_020_iteration_0175.csv,126.0938,21.9023,0.1737,95,123.0000,265,2.1016,0.7534,0,2.1016,1.0151,4.4967
1024,20,250,batch_1024/layer_020_iteration_0250.csv,125.9219,19.8355,0.1575,101,123.0000,243,1.9298,0.8021,0,1.9375,1.0165,4.5028
1024,20,325,batch_1024/layer_020_iteration_0325.csv,125.9688,20.0413,0.1591,99,124.0000,240,1.9052,0.7859,0,1.9375,1.0161,5.0012
1024,20,399,batch_1024/layer_020_iteration_0399.csv,125.7031,22.9569,0.1826,94,121.5000,272,2.1638,0.7478,0,2.1719,1.0183,4.0094
1024,21,100,batch_1024/layer_021_iteration_0100.csv,126.0156,14.8150,0.1176,95,124.5000,175,1.3887,0.7539,0,1.3828,1.0157,3.9995
1024,21,175,batch_1024/layer_021_iteration_0175.csv,125.7656,15.0299,0.1195,96,124.0000,196,1.5585,0.7633,0,1.5625,1.0178,4.0075
1024,21,250,batch_1024/layer_021_iteration_0250.csv,125.7656,14.3687,0.1143,102,123.0000,188,1.4948,0.8110,0,1.4922,1.0178,7.0130
1024,21,325,batch_1024/layer_021_iteration_0325.csv,125.9375,17.0952,0.1357,89,122.0000,211,1.6754,0.7067,0,1.6953,1.0164,4.0020
1024,21,399,batch_1024/layer_021_iteration_0399.csv,126.2031,15.4588,0.1225,91,125.0000,208,1.6481,0.7211,0,1.6797,1.0142,4.4928
1024,22,100,batch_1024/layer_022_iteration_0100.csv,126.0156,24.9459,0.1980,99,122.0000,262,2.0791,0.7856,0,2.0938,1.0157,4.4994
1024,22,175,batch_1024/layer_022_iteration_0175.csv,126.2188,22.7373,0.1801,101,123.0000,262,2.0758,0.8002,0,2.0625,1.0141,4.4922
1024,22,250,batch_1024/layer_022_iteration_0250.csv,126.1562,22.1763,0.1758,96,120.5000,237,1.8786,0.7610,0,1.8594,1.0146,3.9950
1024,22,325,batch_1024/layer_022_iteration_0325.csv,126.1719,24.2729,0.1924,98,120.0000,263,2.0845,0.7767,0,2.0625,1.0145,3.9946
1024,22,399,batch_1024/layer_022_iteration_0399.csv,126.1250,24.1172,0.1912,87,122.0000,263,2.0852,0.6898,0,2.0938,1.0149,4.4955
1024,23,100,batch_1024/layer_023_iteration_0100.csv,126.1250,22.6174,0.1793,98,124.0000,268,2.1249,0.7770,0,2.1172,1.0149,4.9950
1024,23,175,batch_1024/layer_023_iteration_0175.csv,126.1562,22.4564,0.1780,96,122.5000,262,2.0768,0.7610,0,2.0781,1.0146,4.4944
1024,23,250,batch_1024/layer_023_iteration_0250.csv,126.2656,21.4274,0.1697,97,124.5000,261,2.0671,0.7682,0,2.0625,1.0137,4.4905
1024,23,325,batch_1024/layer_023_iteration_0325.csv,125.8906,22.6323,0.1798,99,122.5000,264,2.0971,0.7864,0,2.0859,1.0168,4.0035
1024,23,399,batch_1024/layer_023_iteration_0399.csv,125.7656,26.1078,0.2076,90,123.5000,303,2.4092,0.7156,0,2.4375,1.0178,4.5084
1024,24,100,batch_1024/layer_024_iteration_0100.csv,125.9688,24.4214,0.1939,98,120.5000,254,2.0164,0.7780,0,2.0000,1.0161,4.5011
1024,24,175,batch_1024/layer_024_iteration_0175.csv,126.0781,25.8296,0.2049,84,119.5000,249,1.9750,0.6663,0,1.9922,1.0152,4.9969
1024,24,250,batch_1024/layer_024_iteration_0250.csv,126.1406,27.1707,0.2154,91,121.5000,260,2.0612,0.7214,0,2.0703,1.0147,4.4950
1024,24,325,batch_1024/layer_024_iteration_0325.csv,126.0625,28.9287,0.2295,94,120.5000,265,2.1021,0.7457,0,2.1016,1.0154,3.9980
1024,24,399,batch_1024/layer_024_iteration_0399.csv,126.1250,25.9558,0.2058,100,121.0000,273,2.1645,0.7929,0,2.1562,1.0149,4.4955
1024,25,100,batch_1024/layer_025_iteration_0100.csv,125.9375,14.0322,0.1114,105,124.0000,189,1.5007,0.8337,0,1.5000,1.0164,4.5022
1024,25,175,batch_1024/layer_025_iteration_0175.csv,126.1250,15.0078,0.1190,98,125.5000,195,1.5461,0.7770,0,1.5469,1.0149,3.9960
1024,25,250,batch_1024/layer_025_iteration_0250.csv,125.9219,15.3545,0.1219,101,124.0000,184,1.4612,0.8021,0,1.4766,1.0165,4.5028
1024,25,325,batch_1024/layer_025_iteration_0325.csv,125.7188,19.0472,0.1515,97,121.0000,229,1.8215,0.7716,0,1.8203,1.0181,4.5101
1024,25,399,batch_1024/layer_025_iteration_0399.csv,126.0625,17.9843,0.1427,99,123.0000,209,1.6579,0.7853,0,1.6719,1.0154,3.9980
1024,26,100,batch_1024/layer_026_iteration_0100.csv,126.0469,12.6829,0.1006,95,124.0000,153,1.2138,0.7537,16,1.2031,1.0155,4.4983
1024,26,175,batch_1024/layer_026_iteration_0175.csv,126.1875,14.4297,0.1144,91,123.5000,166,1.3155,0.7211,0,1.3125,1.0144,3.9941
1024,26,250,batch_1024/layer_026_iteration_0250.csv,126.0156,14.3325,0.1137,97,126.0000,159,1.2617,0.7697,19,1.2734,1.0157,3.9995
1024,26,325,batch_1024/layer_026_iteration_0325.csv,125.9219,13.4795,0.1070,99,124.5000,163,1.2945,0.7862,2,1.2969,1.0165,4.0025
1024,26,399,batch_1024/layer_026_iteration_0399.csv,125.8281,13.5480,0.1077,100,126.0000,163,1.2954,0.7947,0,1.3047,1.0173,3.5048
1024,27,100,batch_1024/layer_027_iteration_0100.csv,125.9688,26.5082,0.2104,96,123.0000,312,2.4768,0.7621,0,2.4688,1.0161,5.0012
1024,27,175,batch_1024/layer_027_iteration_0175.csv,126.2188,27.7615,0.2199,97,123.0000,316,2.5036,0.7685,0,2.4922,1.0141,4.4922
1024,27,250,batch_1024/layer_027_iteration_0250.csv,126.1562,27.1640,0.2153,90,121.5000,315,2.4969,0.7134,0,2.4844,1.0146,4.9938
1024,27,325,batch_1024/layer_027_iteration_0325.csv,125.7969,26.9085,0.2139,101,122.0000,320,2.5438,0.8029,0,2.5391,1.0175,5.5089
1024,27,399,batch_1024/layer_027_iteration_0399.csv,126.2188,30.0980,0.2385,102,121.0000,341,2.7017,0.8081,0,2.7188,1.0141,4.4922
1024,28,100,batch_1024/layer_028_iteration_0100.csv,126.0469,34.9336,0.2771,95,123.0000,380,3.0148,0.7537,0,3.0234,1.0155,4.9981
1024,28,175,batch_1024/layer_028_iteration_0175.csv,125.7812,36.1241,0.2872,85,121.0000,382,3.0370,0.6758,0,3.0234,1.0176,5.5096
1024,28,250,batch_1024/layer_028_iteration_0250.csv,125.9531,34.3841,0.2730,95,121.0000,371,2.9455,0.7542,0,2.9297,1.0163,5.0019
1024,28,325,batch_1024/layer_028_iteration_0325.csv,125.9219,36.7093,0.2915,95,120.5000,390,3.0972,0.7544,0,3.0938,1.0165,5.5034
1024,28,399,batch_1024/layer_028_iteration_0399.csv,125.9219,40.4916,0.3216,87,120.5000,421,3.3433,0.6909,0,3.3438,1.0165,6.5040
1024,29,100,batch_1024/layer_029_iteration_0100.csv,126.0469,32.4304,0.2573,95,120.0000,359,2.8481,0.7537,0,2.8516,1.0155,5.4980
1024,29,175,batch_1024/layer_029_iteration_0175.csv,125.8594,32.8162,0.2607,98,123.0000,371,2.9477,0.7786,0,2.9453,1.0170,4.5050
1024,29,250,batch_1024/layer_029_iteration_0250.csv,126.1562,30.4447,0.2413,99,121.0000,346,2.7426,0.7847,0,2.7422,1.0146,4.9938
1024,29,325,batch_1024/layer_029_iteration_0325.csv,126.2188,34.2425,0.2713,91,122.5000,375,2.9710,0.7210,0,2.9844,1.0141,5.4905
1024,29,399,batch_1024/layer_029_iteration_0399.csv,125.7500,33.6238,0.2674,94,122.5000,368,2.9264,0.7475,0,2.9375,1.0179,5.0099
1024,30,100,batch_1024/layer_030_iteration_0100.csv,126.3281,14.5420,0.1151,100,125.5000,191,1.5119,0.7916,0,1.5156,1.0132,4.4883
1024,30,175,batch_1024/layer_030_iteration_0175.csv,126.1250,15.2730,0.1211,97,124.0000,209,1.6571,0.7691,0,1.6562,1.0149,3.9960
1024,30,250,batch_1024/layer_030_iteration_0250.csv,125.9844,13.7085,0.1088,102,126.0000,187,1.4843,0.8096,0,1.5156,1.0160,4.0005
1024,30,325,batch_1024/layer_030_iteration_0325.csv,125.8281,16.6776,0.1325,96,124.0000,219,1.7405,0.7629,0,1.7500,1.0173,4.5061
1024,30,399,batch_1024/layer_030_iteration_0399.csv,125.9688,17.7931,0.1412,94,124.0000,223,1.7703,0.7462,0,1.7734,1.0161,4.5011
1024,31,100,batch_1024/layer_031_iteration_0100.csv,126.0938,10.4832,0.0831,102,127.0000,145,1.1499,0.8089,0,1.1953,1.0151,3.9970
1024,31,175,batch_1024/layer_031_iteration_0175.csv,125.9688,13.7352,0.1090,97,125.0000,163,1.2940,0.7700,0,1.2891,1.0161,4.5011
1024,31,250,batch_1024/layer_031_iteration_0250.csv,125.9688,13.6003,0.1080,100,126.0000,171,1.3575,0.7938,0,1.3594,1.0161,4.0010
1024,31,325,batch_1024/layer_031_iteration_0325.csv,126.0156,14.6794,0.1165,95,127.0000,166,1.3173,0.7539,0,1.3281,1.0157,4.9994
1024,31,399,batch_1024/layer_031_iteration_0399.csv,125.8906,11.6580,0.0926,108,125.0000,160,1.2709,0.8579,1,1.2500,1.0168,4.0035
1024,32,100,batch_1024/layer_032_iteration_0100.csv,126.0625,20.3630,0.1615,101,121.0000,221,1.7531,0.8012,0,1.7500,1.0154,3.9980
1024,32,175,batch_1024/layer_032_iteration_0175.csv,126.0156,21.5830,0.1713,95,123.0000,219,1.7379,0.7539,0,1.7422,1.0157,3.9995
1024,32,250,batch_1024/layer_032_iteration_0250.csv,125.8438,20.5960,0.1637,94,123.5000,203,1.6131,0.7470,0,1.6328,1.0171,4.0050
1024,32,325,batch_1024/layer_032_iteration_0325.csv,125.7344,21.1964,0.1686,93,121.0000,223,1.7736,0.7397,0,1.7656,1.0180,4.0085
1024,32,399,batch_1024/layer_032_iteration_0399.csv,126.2188,21.6906,0.1718,89,123.0000,213,1.6875,0.7051,0,1.6953,1.0141,5.4905
1024,33,100,batch_1024/layer_033_iteration_0100.csv,125.9688,12.9083,0.1025,102,122.0000,170,1.3495,0.8097,0,1.3672,1.0161,4.5011
1024,33,175,batch_1024/layer_033_iteration_0175.csv,126.3125,16.0213,0.1268,97,126.0000,182,1.4409,0.7679,0,1.4297,1.0134,4.4889
1024,33,250,batch_1024/layer_033_iteration_0250.csv,126.0312,14.8524,0.1178,96,122.5000,171,1.3568,0.7617,0,1.3516,1.0156,3.9990
1024,33,325,batch_1024/layer_033_iteration_0325.csv,125.9688,17.0431,0.1353,100,122.0000,175,1.3892,0.7938,0,1.3906,1.0161,5.0012
1024,33,399,batch_1024/layer_033_iteration_0399.csv,125.8594,15.3184,0.1217,101,123.0000,172,1.3666,0.8025,3,1.3672,1.0170,5.0056
1024,34,100,batch_1024/layer_034_iteration_0100.csv,126.0312,17.4571,0.1385,101,123.5000,206,1.6345,0.8014,0,1.6250,1.0156,3.9990
1024,34,175,batch_1024/layer_034_iteration_0175.csv,126.0938,17.6960,0.1403,98,125.0000,220,1.7447,0.7772,0,1.7422,1.0151,4.9963
1024,34,250,batch_1024/layer_034_iteration_0250.csv,125.9688,17.5793,0.1396,97,123.5000,219,1.7385,0.7700,0,1.7500,1.0161,4.0010
1024,34,325,batch_1024/layer_034_iteration_0325.csv,126.0781,18.3297,0.1454,100,122.0000,209,1.6577,0.7932,0,1.6719,1.0152,3.9975
1024,34,399,batch_1024/layer_034_iteration_0399.csv,125.9375,19.6698,0.1562,96,120.0000,214,1.6993,0.7623,0,1.7031,1.0164,4.5022
1024,35,100,batch_1024/layer_035_iteration_0100.csv,125.6250,12.7003,0.1011,102,125.5000,172,1.3692,0.8119,3,1.3594,1.0189,4.5134
1024,35,175,batch_1024/layer_035_iteration_0175.csv,126.1719,14.2089,0.1126,97,124.0000,189,1.4980,0.7688,0,1.4922,1.0145,4.4939
1024,35,250,batch_1024/layer_035_iteration_0250.csv,125.8594,12.8353,0.1020,94,126.0000,163,1.2951,0.7469,4,1.2812,1.0170,4.0045
1024,35,325,batch_1024/layer_035_iteration_0325.csv,125.9375,14.1453,0.1123,98,124.5000,166,1.3181,0.7782,5,1.3125,1.0164,4.0020
1024,35,399,batch_1024/layer_035_iteration_0399.csv,125.7812,12.5068,0.0994,101,124.0000,163,1.2959,0.8030,0,1.2969,1.0176,5.0087
1024,36,100,batch_1024/layer_036_iteration_0100.csv,125.9219,14.9909,0.1190,98,123.0000,191,1.5168,0.7783,1,1.5156,1.0165,4.0025
1024,36,175,batch_1024/layer_036_iteration_0175.csv,126.0938,18.3539,0.1456,96,124.5000,196,1.5544,0.7613,1,1.5391,1.0151,3.9970
1024,36,250,batch_1024/layer_036_iteration_0250.csv,125.9531,16.7644,0.1331,101,123.5000,211,1.6752,0.8019,0,1.6719,1.0163,4.0015
1024,36,325,batch_1024/layer_036_iteration_0325.csv,126.0781,17.6275,0.1398,98,126.5000,203,1.6101,0.7773,0,1.6328,1.0152,4.4972
1024,36,399,batch_1024/layer_036_iteration_0399.csv,125.9531,19.0332,0.1511,93,124.0000,214,1.6990,0.7384,0,1.7109,1.0163,4.5017
1024,37,100,batch_1024/layer_037_iteration_0100.csv,126.1406,12.0245,0.0953,99,124.0000,158,1.2526,0.7848,3,1.2734,1.0147,4.4950
1024,37,175,batch_1024/layer_037_iteration_0175.csv,125.7188,14.3913,0.1145,98,126.0000,173,1.3761,0.7795,1,1.3750,1.0181,4.0089
1024,37,250,batch_1024/layer_037_iteration_0250.csv,125.9688,14.4449,0.1147,92,126.0000,171,1.3575,0.7303,1,1.3672,1.0161,4.0010
1024,37,325,batch_1024/layer_037_iteration_0325.csv,125.5938,15.7686,0.1256,93,123.5000,164,1.3058,0.7405,7,1.3125,1.0192,5.0162
1024,37,399,batch_1024/layer_037_iteration_0399.csv,125.8906,13.6909,0.1088,93,126.0000,164,1.3027,0.7387,2,1.2969,1.0168,5.0043
1024,38,100,batch_1024/layer_038_iteration_0100.csv,126.2188,26.4625,0.2097,96,122.5000,301,2.3847,0.7606,0,2.3750,1.0141,7.4870
1024,38,175,batch_1024/layer_038_iteration_0175.csv,126.0625,28.8422,0.2288,97,120.0000,315,2.4988,0.7695,0,2.4922,1.0154,4.9975
1024,38,250,batch_1024/layer_038_iteration_0250.csv,126.1250,29.3148,0.2324,94,121.0000,311,2.4658,0.7453,0,2.4375,1.0149,4.4955
1024,38,325,batch_1024/layer_038_iteration_0325.csv,126.1562,29.0712,0.2304,99,119.0000,315,2.4969,0.7847,0,2.4688,1.0146,4.4944
1024,38,399,batch_1024/layer_038_iteration_0399.csv,125.9531,31.0863,0.2468,96,119.5000,335,2.6597,0.7622,0,2.6406,1.0163,4.5017
1024,39,100,batch_1024/layer_039_iteration_0100.csv,126.0625,15.6942,0.1245,102,122.0000,185,1.4675,0.8091,0,1.4922,1.0154,4.4978
1024,39,175,batch_1024/layer_039_iteration_0175.csv,125.8438,17.0534,0.1355,94,122.0000,184,1.4621,0.7470,0,1.4531,1.0171,5.0062
1024,39,250,batch_1024/layer_039_iteration_0250.csv,126.0625,19.0541,0.1511,90,126.0000,204,1.6182,0.7139,0,1.6250,1.0154,4.4978
1024,39,325,batch_1024/layer_039_iteration_0325.csv,125.9062,19.9395,0.1584,95,122.0000,208,1.6520,0.7545,1,1.6641,1.0166,4.5034
1024,39,399,batch_1024/layer_039_iteration_0399.csv,126.2969,17.6198,0.1395,93,123.5000,192,1.5202,0.7364,1,1.5312,1.0135,4.4894
1024,40,100,batch_1024/layer_040_iteration_0100.csv,125.7969,13.2773,0.1055,95,125.5000,164,1.3037,0.7552,1,1.2969,1.0175,4.0065
1024,40,175,batch_1024/layer_040_iteration_0175.csv,126.0469,12.4955,0.0991,96,126.0000,155,1.2297,0.7616,35,1.2344,1.0155,4.4983
1024,40,250,batch_1024/layer_040_iteration_0250.csv,125.9219,12.4916,0.0992,95,126.0000,154,1.2230,0.7544,3,1.2109,1.0165,4.0025
1024,40,325,batch_1024/layer_040_iteration_0325.csv,125.9219,13.2833,0.1055,102,124.0000,162,1.2865,0.8100,0,1.2812,1.0165,4.5028
1024,40,399,batch_1024/layer_040_iteration_0399.csv,126.0000,15.6834,0.1245,98,124.0000,178,1.4127,0.7778,0,1.4141,1.0159,4.0000
1024,41,100,batch_1024/layer_041_iteration_0100.csv,126.0938,12.1664,0.0965,101,125.0000,159,1.2610,0.8010,35,1.2656,1.0151,3.9970
1024,41,175,batch_1024/layer_041_iteration_0175.csv,126.2500,13.6279,0.1079,98,125.0000,164,1.2990,0.7762,1,1.3125,1.0139,3.9921
1024,41,250,batch_1024/layer_041_iteration_0250.csv,126.0625,14.4145,0.1143,97,125.0000,188,1.4913,0.7695,1,1.4844,1.0154,3.9980
1024,41,325,batch_1024/layer_041_iteration_0325.csv,126.0625,12.3173,0.0977,103,125.0000,161,1.2771,0.8171,10,1.2656,1.0154,3.9980
1024,41,399,batch_1024/layer_041_iteration_0399.csv,125.8906,13.5337,0.1075,102,125.0000,170,1.3504,0.8102,2,1.3516,1.0168,4.0035
1024,42,100,batch_1024/layer_042_iteration_0100.csv,126.2031,12.7576,0.1011,95,126.5000,153,1.2123,0.7528,0,1.2188,1.0142,4.4928
1024,42,175,batch_1024/layer_042_iteration_0175.csv,125.8281,12.6399,0.1005,102,126.0000,163,1.2954,0.8106,0,1.2891,1.0173,4.5061
1024,42,250,batch_1024/layer_042_iteration_0250.csv,126.1562,14.8589,0.1178,98,122.0000,170,1.3475,0.7768,0,1.3516,1.0146,4.9938
1024,42,325,batch_1024/layer_042_iteration_0325.csv,126.2812,13.0940,0.1037,102,123.5000,170,1.3462,0.8077,0,1.3281,1.0136,4.4900
1024,42,399,batch_1024/layer_042_iteration_0399.csv,125.8750,15.5438,0.1235,101,123.5000,200,1.5889,0.8024,0,1.6172,1.0169,3.5035
1024,43,100,batch_1024/layer_043_iteration_0100.csv,126.0156,12.8956,0.1023,92,126.5000,160,1.2697,0.7301,9,1.2578,1.0157,4.4994
1024,43,175,batch_1024/layer_043_iteration_0175.csv,125.8594,13.2251,0.1051,97,126.0000,152,1.2077,0.7707,22,1.1875,1.0170,4.0045
1024,43,250,batch_1024/layer_043_iteration_0250.csv,125.9219,12.0576,0.0958,95,126.0000,153,1.2150,0.7544,2,1.2109,1.0165,4.0025
1024,43,325,batch_1024/layer_043_iteration_0325.csv,125.9219,12.6359,0.1003,103,126.5000,157,1.2468,0.8180,27,1.2422,1.0165,4.0025
1024,43,399,batch_1024/layer_043_iteration_0399.csv,125.8125,11.7419,0.0933,103,126.5000,154,1.2240,0.8187,4,1.2344,1.0174,4.0060
1024,44,100,batch_1024/layer_044_iteration_0100.csv,126.0156,11.8855,0.0943,100,124.0000,158,1.2538,0.7936,0,1.2656,1.0157,4.4994
1024,44,175,batch_1024/layer_044_iteration_0175.csv,126.1250,11.3997,0.0904,106,125.0000,157,1.2448,0.8404,0,1.2344,1.0149,3.9960
1024,44,250,batch_1024/layer_044_iteration_0250.csv,126.1875,11.9725,0.0949,105,126.0000,154,1.2204,0.8321,0,1.2266,1.0144,3.9941
1024,44,325,batch_1024/layer_044_iteration_0325.csv,125.9688,11.8638,0.0942,100,126.5000,160,1.2702,0.7938,0,1.2734,1.0161,4.0010
1024,44,399,batch_1024/layer_044_iteration_0399.csv,125.7031,13.4788,0.1072,99,126.0000,162,1.2888,0.7876,2,1.2969,1.0183,4.5106
1024,45,100,batch_1024/layer_045_iteration_0100.csv,125.9062,16.2910,0.1294,100,122.0000,196,1.5567,0.7942,0,1.5547,1.0166,5.0037
1024,45,175,batch_1024/layer_045_iteration_0175.csv,126.0469,15.1899,0.1205,99,123.5000,206,1.6343,0.7854,0,1.6406,1.0155,3.9985
1024,45,250,batch_1024/layer_045_iteration_0250.csv,125.8281,16.5780,0.1318,100,123.0000,204,1.6213,0.7947,0,1.6172,1.0173,4.0055
1024,45,325,batch_1024/layer_045_iteration_0325.csv,126.1406,17.3402,0.1375,95,123.5000,203,1.6093,0.7531,0,1.6172,1.0147,3.9955
1024,45,399,batch_1024/layer_045_iteration_0399.csv,126.0000,16.2548,0.1290,96,126.5000,194,1.5397,0.7619,0,1.5234,1.0159,4.0000
1024,46,100,batch_1024/layer_046_iteration_0100.csv,125.9688,11.4318,0.0908,108,124.0000,173,1.3734,0.8574,0,1.3672,1.0161,4.0010
1024,46,175,batch_1024/layer_046_iteration_0175.csv,125.7812,15.1786,0.1207,96,124.0000,187,1.4867,0.7632,0,1.4688,1.0176,3.5061
1024,46,250,batch_1024/layer_046_iteration_0250.csv,126.2812,13.3059,0.1054,95,124.5000,179,1.4175,0.7523,0,1.4141,1.0136,3.9911
1024,46,325,batch_1024/layer_046_iteration_0325.csv,125.8750,15.1673,0.1205,97,123.0000,192,1.5253,0.7706,0,1.5156,1.0169,4.0040
1024,46,399,batch_1024/layer_046_iteration_0399.csv,126.0469,17.5075,0.1389,98,124.5000,210,1.6660,0.7775,0,1.6641,1.0155,4.4983
1024,47,100,batch_1024/layer_047_iteration_0100.csv,125.8281,16.0843,0.1278,100,123.5000,189,1.5020,0.7947,0,1.4922,1.0173,4.5061
1024,47,175,batch_1024/layer_047_iteration_0175.csv,126.0625,15.3071,0.1214,91,124.0000,197,1.5627,0.7219,0,1.5703,1.0154,4.4978
1024,47,250,batch_1024/layer_047_iteration_0250.csv,125.7188,13.1035,0.1042,102,124.5000,184,1.4636,0.8113,0,1.4688,1.0181,4.0089
1024,47,325,batch_1024/layer_047_iteration_0325.csv,126.1250,15.5055,0.1229,97,125.0000,186,1.4747,0.7691,0,1.4766,1.0149,3.9960
1024,47,399,batch_1024/layer_047_iteration_0399.csv,126.1094,16.0274,0.1271,102,124.0000,195,1.5463,0.8088,0,1.5312,1.0150,4.9957
1024,48,100,batch_1024/layer_048_iteration_0100.csv,126.0312,14.9937,0.1190,89,123.5000,192,1.5234,0.7062,0,1.5000,1.0156,4.4989
1024,48,175,batch_1024/layer_048_iteration_0175.csv,125.9688,14.8650,0.1180,93,126.0000,175,1.3892,0.7383,0,1.3828,1.0161,4.0010
1024,48,250,batch_1024/layer_048_iteration_0250.csv,125.9375,13.0754,0.1038,99,124.0000,176,1.3975,0.7861,0,1.3984,1.0164,4.0020
1024,48,325,batch_1024/layer_048_iteration_0325.csv,125.9062,14.9976,0.1191,101,125.5000,194,1.5408,0.8022,0,1.5234,1.0166,4.5034
1024,48,399,batch_1024/layer_048_iteration_0399.csv,125.7812,16.2013,0.1288,93,123.5000,178,1.4152,0.7394,0,1.4219,1.0176,4.0070
1024,49,100,batch_1024/layer_049_iteration_0100.csv,126.0625,12.4347,0.0986,106,124.5000,164,1.3009,0.8409,0,1.2969,1.0154,3.9980
1024,49,175,batch_1024/layer_049_iteration_0175.csv,125.9219,9.6733,0.0768,108,123.0000,154,1.2230,0.8577,17,1.2109,1.0165,4.0025
1024,49,250,batch_1024/layer_049_iteration_0250.csv,125.9531,13.3176,0.1057,99,124.0000,154,1.2227,0.7860,19,1.2266,1.0163,4.5017
1024,49,325,batch_1024/layer_049_iteration_0325.csv,126.0938,10.3452,0.0820,100,125.0000,152,1.2055,0.7931,0,1.2109,1.0151,4.4967
1024,49,399,batch_1024/layer_049_iteration_0399.csv,125.9844,11.6465,0.0924,101,125.5000,161,1.2779,0.8017,0,1.2969,1.0160,4.5006
1024,50,100,batch_1024/layer_050_iteration_0100.csv,126.0625,12.3767,0.0982,91,126.5000,164,1.3009,0.7219,0,1.3047,1.0154,4.4978
1024,50,175,batch_1024/layer_050_iteration_0175.csv,126.0625,11.3618,0.0901,100,127.0000,157,1.2454,0.7933,0,1.2344,1.0154,3.9980
1024,50,250,batch_1024/layer_050_iteration_0250.csv,125.5625,11.0988,0.0884,102,124.0000,160,1.2743,0.8123,0,1.2969,1.0194,4.0139
1024,50,325,batch_1024/layer_050_iteration_0325.csv,125.9688,12.3161,0.0978,98,125.5000,175,1.3892,0.7780,0,1.3906,1.0161,4.5011
1024,50,399,batch_1024/layer_050_iteration_0399.csv,125.6719,13.0923,0.1042,92,126.0000,164,1.3050,0.7321,0,1.3047,1.0185,4.5117
1024,51,100,batch_1024/layer_051_iteration_0100.csv,126.2969,13.0380,0.1032,94,124.5000,154,1.2193,0.7443,28,1.2266,1.0135,3.9906
1024,51,175,batch_1024/layer_051_iteration_0175.csv,126.1250,13.8378,0.1097,97,124.5000,162,1.2844,0.7691,1,1.2734,1.0149,3.9960
1024,51,250,batch_1024/layer_051_iteration_0250.csv,126.0469,11.7479,0.0932,102,126.5000,151,1.1980,0.8092,5,1.2109,1.0155,4.4983
1024,51,325,batch_1024/layer_051_iteration_0325.csv,125.9375,11.9633,0.0950,103,127.0000,158,1.2546,0.8179,3,1.2812,1.0164,5.0025
1024,51,399,batch_1024/layer_051_iteration_0399.csv,125.6719,11.6606,0.0928,103,124.0000,153,1.2175,0.8196,6,1.2266,1.0185,5.0131
1024,52,100,batch_1024/layer_052_iteration_0100.csv,126.0938,18.4854,0.1466,86,123.0000,237,1.8796,0.6820,0,1.8672,1.0151,3.9970
1024,52,175,batch_1024/layer_052_iteration_0175.csv,125.6406,19.3838,0.1543,107,121.0000,252,2.0057,0.8516,0,1.9922,1.0188,4.0114
1024,52,250,batch_1024/layer_052_iteration_0250.csv,126.1406,18.2405,0.1446,94,125.5000,233,1.8471,0.7452,0,1.8438,1.0147,4.4950
1024,52,325,batch_1024/layer_052_iteration_0325.csv,125.8438,20.9704,0.1666,101,124.5000,260,2.0661,0.8026,0,2.0625,1.0171,5.0062
1024,52,399,batch_1024/layer_052_iteration_0399.csv,125.9062,19.7229,0.1566,96,122.0000,249,1.9777,0.7625,0,1.9688,1.0166,4.5034
1024,53,100,batch_1024/layer_053_iteration_0100.csv,125.7812,11.8090,0.0939,98,124.5000,167,1.3277,0.7791,0,1.3359,1.0176,4.0070
1024,53,175,batch_1024/layer_053_iteration_0175.csv,125.9062,14.1815,0.1126,103,125.0000,187,1.4852,0.8181,0,1.4844,1.0166,4.0030
1024,53,250,batch_1024/layer_053_iteration_0250.csv,125.7656,16.0232,0.1274,100,123.5000,200,1.5903,0.7951,0,1.6016,1.0178,4.0075
1024,53,325,batch_1024/layer_053_iteration_0325.csv,126.0625,13.5933,0.1078,108,126.0000,178,1.4120,0.8567,0,1.4375,1.0154,3.9980
1024,53,399,batch_1024/layer_053_iteration_0399.csv,126.1875,17.9172,0.1420,92,125.5000,198,1.5691,0.7291,0,1.5625,1.0144,4.4933
1024,54,100,batch_1024/layer_054_iteration_0100.csv,125.8594,9.6386,0.0766,101,124.0000,153,1.2156,0.8025,62,1.2109,1.0170,4.0045
1024,54,175,batch_1024/layer_054_iteration_0175.csv,125.6094,10.1852,0.0811,101,126.0000,146,1.1623,0.8041,42,1.1641,1.0190,4.0124
1024,54,250,batch_1024/layer_054_iteration_0250.csv,126.3281,10.2805,0.0814,103,125.5000,150,1.1874,0.8153,18,1.1797,1.0132,3.9896
1024,54,325,batch_1024/layer_054_iteration_0325.csv,125.8125,13.5565,0.1078,93,126.0000,152,1.2081,0.7392,56,1.1953,1.0174,4.0060
1024,54,399,batch_1024/layer_054_iteration_0399.csv,125.9688,14.4665,0.1148,99,125.5000,166,1.3178,0.7859,0,1.3047,1.0161,4.5011
1024,55,100,batch_1024/layer_055_iteration_0100.csv,126.5000,16.2606,0.1285,98,123.0000,208,1.6443,0.7747,0,1.6562,1.0119,3.9842
1024,55,175,batch_1024/layer_055_iteration_0175.csv,125.7812,16.4140,0.1305,90,125.0000,213,1.6934,0.7155,0,1.7031,1.0176,4.5078
1024,55,250,batch_1024/layer_055_iteration_0250.csv,125.8750,17.4047,0.1383,89,126.0000,204,1.6207,0.7071,0,1.6172,1.0169,4.0040
1024,55,325,batch_1024/layer_055_iteration_0325.csv,126.1562,16.2886,0.1291,88,123.5000,207,1.6408,0.6975,0,1.6328,1.0146,4.4944
1024,55,399,batch_1024/layer_055_iteration_0399.csv,125.9531,17.2286,0.1368,101,124.0000,219,1.7387,0.8019,0,1.7188,1.0163,4.5017
1024,56,100,batch_1024/layer_056_iteration_0100.csv,125.9375,12.1229,0.0963,107,123.0000,154,1.2228,0.8496,28,1.2109,1.0164,4.0020
1024,56,175,batch_1024/layer_056_iteration_0175.csv,126.1562,10.7241,0.0850,103,126.5000,144,1.1414,0.8164,1,1.1406,1.0146,3.9950
1024,56,250,batch_1024/layer_056_iteration_0250.csv,125.9844,12.1623,0.0965,98,125.0000,156,1.2382,0.7779,17,1.2266,1.0160,4.0005
1024,56,325,batch_1024/layer_056_iteration_0325.csv,126.3594,11.3018,0.0894,104,127.0000,164,1.2979,0.8230,0,1.3125,1.0130,4.4872
1024,56,399,batch_1024/layer_056_iteration_0399.csv,125.8281,10.7871,0.0857,101,126.0000,154,1.2239,0.8027,0,1.2188,1.0173,4.0055
1024,57,100,batch_1024/layer_057_iteration_0100.csv,126.0312,14.0590,0.1116,99,125.5000,161,1.2775,0.7855,1,1.2812,1.0156,4.4989
1024,57,175,batch_1024/layer_057_iteration_0175.csv,125.8906,15.5846,0.1238,101,123.0000,173,1.3742,0.8023,0,1.3594,1.0168,4.0035
1024,57,250,batch_1024/layer_057_iteration_0250.csv,125.9062,12.0814,0.0960,98,125.0000,154,1.2231,0.7784,0,1.2500,1.0166,4.5034
1024,57,325,batch_1024/layer_057_iteration_0325.csv,126.2188,14.7410,0.1168,98,124.0000,173,1.3706,0.7764,1,1.3750,1.0141,4.4922
1024,57,399,batch_1024/layer_057_iteration_0399.csv,126.1562,15.7641,0.1250,91,124.0000,194,1.5378,0.7213,0,1.5391,1.0146,3.9950
1024,58,100,batch_1024/layer_058_iteration_0100.csv,125.8125,14.2794,0.1135,91,125.0000,181,1.4386,0.7233,0,1.4609,1.0174,4.0060
1024,58,175,batch_1024/layer_058_iteration_0175.csv,125.9688,15.7787,0.1253,92,126.5000,187,1.4845,0.7303,0,1.4844,1.0161,4.0010
1024,58,250,batch_1024/layer_058_iteration_0250.csv,126.3281,16.8681,0.1335,99,123.5000,200,1.5832,0.7837,0,1.5859,1.0132,4.4883
1024,58,325,batch_1024/layer_058_iteration_0325.csv,125.8281,14.7516,0.1172,97,123.0000,181,1.4385,0.7709,0,1.4688,1.0173,4.0055
1024,58,399,batch_1024/layer_058_iteration_0399.csv,126.0938,16.2045,0.1285,100,123.5000,209,1.6575,0.7931,0,1.6641,1.0151,3.9970
1024,59,100,batch_1024/layer_059_iteration_0100.csv,126.0156,13.1856,0.1046,101,124.5000,174,1.3808,0.8015,2,1.3672,1.0157,4.4994
1024,59,175,batch_1024/layer_059_iteration_0175.csv,126.3125,12.1936,0.0965,104,123.5000,161,1.2746,0.8234,29,1.2969,1.0134,3.9901
1024,59,250,batch_1024/layer_059_iteration_0250.csv,125.7344,13.2938,0.1057,97,125.0000,154,1.2248,0.7715,30,1.2344,1.0180,4.5095
1024,59,325,batch_1024/layer_059_iteration_0325.csv,125.8281,12.2469,0.0973,99,125.5000,163,1.2954,0.7868,0,1.2969,1.0173,4.0055
1024,59,399,batch_1024/layer_059_iteration_0399.csv,125.9844,14.1073,0.1120,94,124.5000,156,1.2382,0.7461,10,1.2344,1.0160,4.5006
1024,60,100,batch_1024/layer_060_iteration_0100.csv,126.3906,12.9755,0.1027,104,127.5000,152,1.2026,0.8228,8,1.1953,1.0127,3.9876
1024,60,175,batch_1024/layer_060_iteration_0175.csv,126.1719,12.4732,0.0989,91,124.0000,160,1.2681,0.7212,3,1.2578,1.0145,3.9946
1024,60,250,batch_1024/layer_060_iteration_0250.csv,126.0938,14.4252,0.1144,94,125.0000,157,1.2451,0.7455,30,1.2656,1.0151,3.9970
1024,60,325,batch_1024/layer_060_iteration_0325.csv,125.9688,11.8638,0.0942,100,125.0000,152,1.2066,0.7938,6,1.2188,1.0161,4.0010
1024,60,399,batch_1024/layer_060_iteration_0399.csv,126.0000,13.4408,0.1067,98,125.5000,163,1.2937,0.7778,0,1.2812,1.0159,5.5000
2048,3,100,batch_2048/layer_003_iteration_0100.csv,251.2969,16.4076,0.0653,208,251.0000,301,1.1978,0.8277,10,1.2031,1.0147,3.0084
2048,3,175,batch_2048/layer_003_iteration_0175.csv,251.7031,17.2868,0.0687,214,249.5000,289,1.1482,0.8502,15,1.1562,1.0171,2.7532
2048,3,250,batch_2048/layer_003_iteration_0250.csv,251.9844,16.6541,0.0661,208,252.0000,293,1.1628,0.8254,9,1.1523,1.0159,3.2502
2048,3,325,batch_2048/layer_003_iteration_0325.csv,251.8906,15.3227,0.0608,223,250.5000,285,1.1314,0.8853,42,1.1328,1.0123,3.2514
2048,3,399,batch_2048/layer_003_iteration_0399.csv,252.1875,16.5349,0.0656,216,249.0000,298,1.1817,0.8565,4,1.1797,1.0112,2.9978
2048,4,100,batch_2048/layer_004_iteration_0100.csv,252.3750,17.2785,0.0685,212,252.5000,291,1.1530,0.8400,6,1.1484,1.0144,3.2452
2048,4,175,batch_2048/layer_004_iteration_0175.csv,251.9844,15.5408,0.0617,219,252.5000,278,1.1032,0.8691,51,1.1016,1.0159,3.0002
2048,4,250,batch_2048/layer_004_iteration_0250.csv,252.1406,16.7517,0.0664,211,251.0000,287,1.1383,0.8368,2,1.1406,1.0153,2.9983
2048,4,325,batch_2048/layer_004_iteration_0325.csv,251.9375,15.6404,0.0621,212,253.0000,282,1.1193,0.8415,13,1.1133,1.0122,3.0007
2048,4,399,batch_2048/layer_004_iteration_0399.csv,251.8438,14.3333,0.0569,226,251.5000,280,1.1118,0.8974,60,1.1211,1.0125,3.2520
2048,5,100,batch_2048/layer_005_iteration_0100.csv,251.8750,15.8435,0.0629,218,251.0000,305,1.2109,0.8655,0,1.2031,1.0124,3.0015
2048,5,175,batch_2048/layer_005_iteration_0175.csv,251.3594,16.8489,0.0670,220,247.0000,315,1.2532,0.8752,0,1.2383,1.0185,3.5089
2048,5,250,batch_2048/layer_005_iteration_0250.csv,251.8594,16.5093,0.0655,219,249.5000,303,1.2031,0.8695,4,1.1992,1.0164,2.7515
2048,5,325,batch_2048/layer_005_iteration_0325.csv,251.7812,16.9009,0.0671,223,248.0000,294,1.1677,0.8857,1,1.1523,1.0128,3.2528
2048,5,399,batch_2048/layer_005_iteration_0399.csv,251.6562,15.4123,0.0612,215,250.5000,287,1.1404,0.8543,7,1.1445,1.0133,3.2544
2048,6,100,batch_2048/layer_006_iteration_0100.csv,252.2344,16.9556,0.0672,221,251.0000,298,1.1814,0.8762,1,1.1992,1.0110,2.9972
2048,6,175,batch_2048/layer_006_iteration_0175.csv,252.1719,22.5406,0.0894,215,247.5000,360,1.4276,0.8526,0,1.4297,1.0152,3.2478
2048,6,250,batch_2048/layer_006_iteration_0250.csv,252.3281,21.6305,0.0857,183,251.5000,323,1.2801,0.7252,0,1.2812,1.0146,3.2458
2048,6,325,batch_2048/layer_006_iteration_0325.csv,251.7812,17.9717,0.0714,218,247.0000,303,1.2034,0.8658,0,1.1992,1.0128,2.7524
2048,6,399,batch_2048/layer_006_iteration_0399.csv,251.7031,18.2771,0.0726,209,253.0000,299,1.1879,0.8303,0,1.1953,1.0131,3.0035
2048,7,100,batch_2048/layer_007_iteration_0100.csv,251.8438,33.8250,0.1343,217,246.0000,468,1.8583,0.8616,0,1.8438,1.0165,3.5022
2048,7,175,batch_2048/layer_007_iteration_0175.csv,251.9219,42.2435,0.1677,213,246.5000,519,2.0602,0.8455,0,2.0469,1.0122,4.2513
2048,7,250,batch_2048/layer_007_iteration_0250.csv,252.1562,36.4675,0.1446,206,245.0000,469,1.8600,0.8170,0,1.8633,1.0152,3.7477
2048,7,325,batch_2048/layer_007_iteration_0325.csv,252.1094,40.5648,0.1609,190,243.5000,511,2.0269,0.7536,0,2.0078,1.0154,3.4985
2048,7,399,batch_2048/layer_007_iteration_0399.csv,252.2656,36.0864,0.1430,210,247.5000,476,1.8869,0.8325,0,1.8867,1.0148,3.7461
2048,8,100,batch_2048/layer_008_iteration_0100.csv,251.9531,72.2077,0.2866,209,242.5000,807,3.2030,0.8295,0,3.2070,1.0161,4.7509
2048,8,175,batch_2048/layer_008_iteration_0175.csv,252.0312,74.2582,0.2946,198,241.5000,813,3.2258,0.7856,0,3.2461,1.0157,5.2493
2048,8,250,batch_2048/layer_008_iteration_0250.csv,251.7812,73.5709,0.2922,212,239.0000,817,3.2449,0.8420,0,3.2461,1.0168,4.7541
2048,8,325,batch_2048/layer_008_iteration_0325.csv,252.0312,72.5383,0.2878,193,240.5000,799,3.1702,0.7658,0,3.1797,1.0118,4.9994
2048,8,399,batch_2048/layer_008_iteration_0399.csv,252.1406,72.0555,0.2858,199,243.5000,793,3.1451,0.7892,0,3.1406,1.0113,5.4969
2048,9,100,batch_2048/layer_009_iteration_0100.csv,252.2344,20.3943,0.0809,211,249.0000,298,1.1814,0.8365,2,1.1953,1.0149,2.7474
2048,9,175,batch_2048/layer_009_iteration_0175.csv,252.3125,22.1097,0.0876,204,253.0000,303,1.2009,0.8085,0,1.2070,1.0146,2.7466
2048,9,250,batch_2048/layer_009_iteration_0250.csv,252.0781,17.6541,0.0700,216,252.5000,292,1.1584,0.8569,4,1.1523,1.0156,3.2490
2048,9,325,batch_2048/layer_009_iteration_0325.csv,251.8594,20.5699,0.0817,214,248.0000,303,1.2031,0.8497,6,1.1953,1.0125,3.2518
2048,9,399,batch_2048/layer_009_iteration_0399.csv,251.5781,20.7807,0.0826,211,247.5000,298,1.1845,0.8387,0,1.1836,1.0176,3.0050
2048,10,100,batch_2048/layer_010_iteration_0100.csv,251.9844,22.6395,0.0898,202,249.0000,366,1.4525,0.8016,0,1.4570,1.0159,3.0002
2048,10,175,batch_2048/layer_010_iteration_0175.csv,252.0469,27.4160,0.1088,205,250.0000,377,1.4958,0.8133,0,1.4890,1.0157,3.2494
2048,10,250,batch_2048/layer_010_iteration_0250.csv,252.0625,24.7821,0.0983,212,249.5000,355,1.4084,0.8411,0,1.3984,1.0156,3.4991
2048,10,325,batch_2048/layer_010_iteration_0325.csv,252.0000,25.4479,0.1010,212,246.5000,382,1.5159,0.8413,0,1.5000,1.0159,3.0000
2048,10,399,batch_2048/layer_010_iteration_0399.csv,252.4844,24.9230,0.0987,202,248.0000,356,1.4100,0.8000,0,1.3984,1.0139,3.4933
2048,11,100,batch_2048/layer_011_iteration_0100.csv,252.0781,21.1825,0.0840,215,249.0000,325,1.2893,0.8529,1,1.2852,1.0156,2.7491
2048,11,175,batch_2048/layer_011_iteration_0175.csv,251.6719,26.1397,0.1039,204,249.0000,357,1.4185,0.8106,0,1.4108,1.0172,3.2542
2048,11,250,batch_2048/layer_011_iteration_0250.csv,251.7031,20.1143,0.0799,217,249.0000,323,1.2833,0.8621,0,1.2773,1.0171,3.0035
2048,11,325,batch_2048/layer_011_iteration_0325.csv,252.1719,25.4599,0.1010,214,248.0000,382,1.5148,0.8486,0,1.5195,1.0152,2.9980
2048,11,399,batch_2048/layer_011_iteration_0399.csv,251.8281,21.2048,0.0842,219,247.5000,333,1.3223,0.8696,0,1.3164,1.0126,3.0020
2048,12,100,batch_2048/layer_012_iteration_0100.csv,251.9844,16.5638,0.0657,207,254.0000,295,1.1707,0.8215,0,1.1680,1.0159,3.0002
2048,12,175,batch_2048/layer_012_iteration_0175.csv,252.5469,20.4297,0.0809,196,254.0000,309,1.2235,0.7761,4,1.2154,1.0097,3.2430
2048,12,250,batch_2048/layer_012_iteration_0250.csv,252.2344,18.4092,0.0730,217,251.5000,286,1.1339,0.8603,3,1.1484,1.0149,2.7474
2048,12,325,batch_2048/layer_012_iteration_0325.csv,252.0781,18.0964,0.0718,208,251.5000,294,1.1663,0.8251,1,1.1562,1.0156,3.2490
2048,12,399,batch_2048/layer_012_iteration_0399.csv,252.2031,17.0516,0.0676,212,250.5000,300,1.1895,0.8406,0,1.1836,1.0151,3.2474
2048,13,100,batch_2048/layer_013_iteration_0100.csv,252.0625,18.1555,0.0720,219,250.0000,304,1.2061,0.8688,2,1.1992,1.0156,3.2492
2048,13,175,batch_2048/layer_013_iteration_0175.csv,252.2969,20.7452,0.0822,208,253.5000,312,1.2366,0.8244,1,1.2389,1.0147,2.7468
2048,13,250,batch_2048/layer_013_iteration_0250.csv,251.6562,17.0507,0.0678,222,247.5000,313,1.2438,0.8822,0,1.2305,1.0133,3.0041
2048,13,325,batch_2048/layer_013_iteration_0325.csv,251.7500,20.6186,0.0819,216,248.5000,332,1.3188,0.8580,0,1.3125,1.0129,3.0030
2048,13,399,batch_2048/layer_013_iteration_0399.csv,251.9531,20.3104,0.0806,206,251.5000,309,1.2264,0.8176,0,1.2344,1.0121,3.0006
2048,14,100,batch_2048/layer_014_iteration_0100.csv,251.7031,31.3013,0.1244,220,245.0000,464,1.8434,0.8740,0,1.8594,1.0171,3.2538
2048,14,175,batch_2048/layer_014_iteration_0175.csv,251.7969,36.7803,0.1461,193,248.5000,482,1.9142,0.7665,0,1.9033,1.0167,3.5028
2048,14,250,batch_2048/layer_014_iteration_0250.csv,251.8750,35.0751,0.1393,203,246.5000,481,1.9097,0.8060,0,1.9062,1.0164,3.0015
2048,14,325,batch_2048/layer_014_iteration_0325.csv,251.6250,39.8060,0.1582,197,246.0000,503,1.9990,0.7829,0,2.0000,1.0174,4.0060
2048,14,399,batch_2048/layer_014_iteration_0399.csv,251.8281,34.7907,0.1382,210,249.5000,479,1.9021,0.8339,0,1.9180,1.0166,3.7526
2048,15,100,batch_2048/layer_015_iteration_0100.csv,251.7344,25.0020,0.0993,210,247.0000,354,1.4062,0.8342,0,1.3984,1.0169,3.2534
2048,15,175,batch_2048/layer_015_iteration_0175.csv,251.4375,33.9296,0.1349,202,243.0000,389,1.5471,0.8034,0,1.5359,1.0142,3.2573
2048,15,250,batch_2048/layer_015_iteration_0250.csv,251.4219,31.2649,0.1244,194,242.5000,358,1.4239,0.7716,1,1.4219,1.0142,3.0069
2048,15,325,batch_2048/layer_015_iteration_0325.csv,252.1094,31.5729,0.1252,202,247.0000,378,1.4993,0.8012,0,1.4922,1.0154,2.9987
2048,15,399,batch_2048/layer_015_iteration_0399.csv,251.7344,32.7840,0.1302,212,244.0000,387,1.5373,0.8422,1,1.5312,1.0169,3.0032
2048,16,100,batch_2048/layer_016_iteration_0100.csv,252.2500,39.9484,0.1584,214,245.0000,442,1.7522,0.8484,0,1.7500,1.0149,3.2468
2048,16,175,batch_2048/layer_016_iteration_0175.csv,251.8125,41.6450,0.1654,192,243.5000,445,1.7672,0.7625,0,1.7626,1.0166,3.0022
2048,16,250,batch_2048/layer_016_iteration_0250.csv,251.7812,42.1331,0.1673,191,243.0000,465,1.8468,0.7586,0,1.8516,1.0128,3.5030
2048,16,325,batch_2048/layer_016_iteration_0325.csv,251.8906,43.7082,0.1735,206,240.5000,486,1.9294,0.8178,0,1.9297,1.0163,3.0013
2048,16,399,batch_2048/layer_016_iteration_0399.csv,252.3750,43.9191,0.1740,202,243.0000,453,1.7949,0.8004,1,1.7852,1.0144,3.4948
2048,17,100,batch_2048/layer_017_iteration_0100.csv,251.5312,87.5005,0.3479,203,239.5000,932,3.7053,0.8071,0,3.7148,1.0138,5.0093
2048,17,175,batch_2048/layer_017_iteration_0175.csv,251.8438,93.1850,0.3700,197,237.0000,974,3.8675,0.7822,0,3.8769,1.0125,6.2539
2048,17,250,batch_2048/layer_017_iteration_0250.csv,251.6406,88.0549,0.3499,205,240.0000,940,3.7355,0.8147,0,3.7500,1.0133,5.7582
2048,17,325,batch_2048/layer_017_iteration_0325.csv,251.8281,84.5591,0.3358,206,242.5000,908,3.6056,0.8180,0,3.6055,1.0126,5.0034
2048,17,399,batch_2048/layer_017_iteration_0399.csv,252.3125,89.0886,0.3531,201,241.0000,943,3.7374,0.7966,0,3.7500,1.0146,4.9938
2048,18,100,batch_2048/layer_018_iteration_0100.csv,252.3906,17.1907,0.0681,203,253.0000,285,1.1292,0.8043,5,1.1289,1.0143,2.9954
2048,18,175,batch_2048/layer_018_iteration_0175.csv,251.9219,16.9957,0.0675,217,253.0000,300,1.1908,0.8614,4,1.1959,1.0122,3.5011
2048,18,250,batch_2048/layer_018_iteration_0250.csv,252.0469,17.4315,0.0692,205,253.5000,288,1.1426,0.8133,5,1.1484,1.0117,2.9994
2048,18,325,batch_2048/layer_018_iteration_0325.csv,251.8125,17.5596,0.0697,208,254.5000,294,1.1675,0.8260,0,1.1836,1.0127,3.2524
2048,18,399,batch_2048/layer_018_iteration_0399.csv,251.6250,17.2133,0.0684,210,252.0000,288,1.1446,0.8346,2,1.1406,1.0174,3.5052
2048,19,100,batch_2048/layer_019_iteration_0100.csv,252.2188,20.8585,0.0827,213,249.0000,336,1.3322,0.8445,0,1.3242,1.0110,2.9974
2048,19,175,batch_2048/layer_019_iteration_0175.csv,252.1094,26.4381,0.1049,215,248.5000,393,1.5588,0.8528,0,1.5554,1.0154,3.2486
2048,19,250,batch_2048/layer_019_iteration_0250.csv,252.5469,23.9576,0.0949,199,250.5000,352,1.3938,0.7880,0,1.3828,1.0097,3.2430
2048,19,325,batch_2048/layer_019_iteration_0325.csv,252.1562,21.2759,0.0844,216,248.0000,335,1.3285,0.8566,1,1.3398,1.0152,3.4978
2048,19,399,batch_2048/layer_019_iteration_0399.csv,251.9219,24.1805,0.0960,212,251.5000,367,1.4568,0.8415,0,1.4570,1.0122,3.0009
2048,20,100,batch_2048/layer_020_iteration_0100.csv,251.8750,38.2792,0.1520,212,245.0000,491,1.9494,0.8417,0,1.9609,1.0164,3.5017
2048,20,175,batch_2048/layer_020_iteration_0175.csv,252.4062,43.4096,0.1720,199,244.5000,521,2.0641,0.7884,0,2.0518,1.0142,3.7440
2048,20,250,batch_2048/layer_020_iteration_0250.csv,251.8125,38.7467,0.1539,207,243.5000,493,1.9578,0.8220,0,1.9570,1.0127,3.5026
2048,20,325,batch_2048/layer_020_iteration_0325.csv,252.3594,39.8612,0.1580,214,245.5000,502,1.9892,0.8480,0,1.9922,1.0144,3.2454
2048,20,399,batch_2048/layer_020_iteration_0399.csv,252.2656,40.4476,0.1603,214,246.0000,518,2.0534,0.8483,0,2.0430,1.0148,3.2466
2048,21,100,batch_2048/layer_021_iteration_0100.csv,251.5469,24.6246,0.0979,210,248.5000,370,1.4709,0.8348,0,1.4648,1.0137,3.7568
2048,21,175,batch_2048/layer_021_iteration_0175.csv,251.6094,26.6690,0.1060,198,249.5000,394,1.5659,0.7869,0,1.5633,1.0175,3.5054
2048,21,250,batch_2048/layer_021_iteration_0250.csv,252.0938,22.9638,0.0911,201,251.0000,372,1.4756,0.7973,0,1.4844,1.0115,2.7490
2048,21,325,batch_2048/layer_021_iteration_0325.csv,252.0312,26.3806,0.1047,209,246.5000,385,1.5276,0.8293,0,1.5234,1.0118,2.7497
2048,21,399,batch_2048/layer_021_iteration_0399.csv,251.6406,23.4510,0.0932,210,248.5000,373,1.4823,0.8345,0,1.4805,1.0133,3.0043
2048,22,100,batch_2048/layer_022_iteration_0100.csv,251.9375,50.6365,0.2010,196,238.0000,569,2.2585,0.7780,0,2.2461,1.0161,4.2511
2048,22,175,batch_2048/layer_022_iteration_0175.csv,251.9219,52.0743,0.2067,199,238.0000,582,2.3102,0.7899,0,2.3136,1.0162,3.7512
2048,22,250,batch_2048/layer_022_iteration_0250.csv,252.3125,45.8520,0.1817,201,245.0000,514,2.0372,0.7966,0,2.0391,1.0146,3.4957
2048,22,325,batch_2048/layer_022_iteration_0325.csv,252.0312,53.0159,0.2104,197,240.0000,568,2.2537,0.7816,0,2.2539,1.0118,3.7495
2048,22,399,batch_2048/layer_022_iteration_0399.csv,251.8125,47.1609,0.1873,196,245.0000,546,2.1683,0.7784,0,2.1680,1.0127,3.5026
2048,23,100,batch_2048/layer_023_iteration_0100.csv,252.0625,46.8114,0.1857,182,241.5000,553,2.1939,0.7220,0,2.1914,1.0156,3.4991
2048,23,175,batch_2048/layer_023_iteration_0175.csv,252.0312,47.7585,0.1895,203,244.5000,566,2.2458,0.8055,0,2.2550,1.0157,4.2495
2048,23,250,batch_2048/layer_023_iteration_0250.csv,251.9688,45.3941,0.1802,190,246.0000,548,2.1749,0.7541,0,2.1875,1.0160,3.5004
2048,23,325,batch_2048/layer_023_iteration_0325.csv,252.3906,42.7711,0.1695,212,246.0000,543,2.1514,0.8400,0,2.1641,1.0143,3.2450
2048,23,399,batch_2048/layer_023_iteration_0399.csv,251.8594,45.2624,0.1797,203,239.5000,547,2.1718,0.8060,0,2.1914,1.0125,3.5020
2048,24,100,batch_2048/layer_024_iteration_0100.csv,251.6719,49.8181,0.1979,205,243.0000,514,2.0423,0.8146,0,2.0469,1.0132,3.7549
2048,24,175,batch_2048/layer_024_iteration_0175.csv,251.9219,48.0895,0.1909,210,240.5000,506,2.0086,0.8336,0,2.0088,1.0162,3.7512
2048,24,250,batch_2048/layer_024_iteration_0250.csv,251.6562,45.3529,0.1802,196,242.0000,500,1.9868,0.7788,0,1.9883,1.0173,3.7551
2048,24,325,batch_2048/layer_024_iteration_0325.csv,251.8750,50.8114,0.2017,201,242.5000,548,2.1757,0.7980,0,2.1953,1.0124,3.5017
2048,24,399,batch_2048/layer_024_iteration_0399.csv,251.7656,48.5402,0.1928,213,241.0000,494,1.9621,0.8460,1,1.9570,1.0128,3.5033
2048,25,100,batch_2048/layer_025_iteration_0100.csv,252.0000,29.3124,0.1163,216,244.0000,387,1.5357,0.8571,0,1.5312,1.0159,3.0000
2048,25,175,batch_2048/layer_025_iteration_0175.csv,252.4531,31.4454,0.1246,203,249.0000,390,1.5448,0.8041,0,1.5281,1.0140,3.4937
2048,25,250,batch_2048/layer_025_iteration_0250.csv,251.8906,28.0619,0.1114,211,250.5000,374,1.4848,0.8377,0,1.4961,1.0163,3.2514
2048,25,325,batch_2048/layer_025_iteration_0325.csv,252.0312,27.7331,0.1100,199,249.0000,378,1.4998,0.7896,0,1.4922,1.0118,3.2496
2048,25,399,batch_2048/layer_025_iteration_0399.csv,252.3594,29.0072,0.1149,212,246.5000,388,1.5375,0.8401,0,1.5430,1.0144,3.2454
2048,26,100,batch_2048/layer_026_iteration_0100.csv,252.1875,21.0542,0.0835,202,251.5000,299,1.1856,0.8010,7,1.1875,1.0151,3.4974
2048,26,175,batch_2048/layer_026_iteration_0175.csv,251.8594,24.4053,0.0969,207,251.0000,333,1.3222,0.8219,0,1.3131,1.0164,3.2518
2048,26,250,batch_2048/layer_026_iteration_0250.csv,252.1250,21.2658,0.0843,209,251.0000,308,1.2216,0.8290,0,1.2148,1.0154,2.7486
2048,26,325,batch_2048/layer_026_iteration_0325.csv,251.9219,21.0136,0.0834,205,248.5000,295,1.1710,0.8137,2,1.1758,1.0122,3.7512
2048,26,399,batch_2048/layer_026_iteration_0399.csv,251.3125,18.9900,0.0756,207,250.0000,303,1.2057,0.8237,1,1.1953,1.0147,3.2589
2048,27,100,batch_2048/layer_027_iteration_0100.csv,252.3125,53.1363,0.2106,212,244.0000,646,2.5603,0.8402,0,2.5508,1.0146,3.9950
2048,27,175,batch_2048/layer_027_iteration_0175.csv,252.0625,56.1337,0.2227,202,246.5000,670,2.6581,0.8014,0,2.6615,1.0156,4.2489
2048,27,250,batch_2048/layer_027_iteration_0250.csv,252.5781,56.9909,0.2256,198,244.5000,664,2.6289,0.7839,0,2.6445,1.0135,3.9908
2048,27,325,batch_2048/layer_027_iteration_0325.csv,251.8594,53.1874,0.2112,206,243.0000,643,2.5530,0.8179,0,2.5547,1.0164,4.0022
2048,27,399,batch_2048/layer_027_iteration_0399.csv,251.9062,53.6917,0.2131,199,245.5000,639,2.5367,0.7900,0,2.5469,1.0123,4.2516
2048,28,100,batch_2048/layer_028_iteration_0100.csv,251.8906,70.6470,0.2805,215,239.0000,781,3.1006,0.8535,0,3.0938,1.0123,4.5020
2048,28,175,batch_2048/layer_028_iteration_0175.csv,251.8906,77.8966,0.3092,195,237.5000,829,3.2911,0.7741,0,3.2907,1.0163,5.2523
2048,28,250,batch_2048/layer_028_iteration_0250.csv,252.1094,76.3557,0.3029,195,239.0000,810,3.2129,0.7735,0,3.2148,1.0154,4.7479
2048,28,325,batch_2048/layer_028_iteration_0325.csv,252.2188,71.8833,0.2850,204,239.0000,781,3.0965,0.8088,0,3.1055,1.0150,4.9957
2048,28,399,batch_2048/layer_028_iteration_0399.csv,252.1250,74.3735,0.2950,201,235.0000,789,3.1294,0.7972,0,3.1562,1.0114,4.7476
2048,29,100,batch_2048/layer_029_iteration_0100.csv,251.8750,57.4808,0.2282,204,244.0000,679,2.6958,0.8099,0,2.6875,1.0164,4.2521
2048,29,175,batch_2048/layer_029_iteration_0175.csv,251.5469,62.7789,0.2496,205,244.0000,722,2.8702,0.8150,0,2.8530,1.0177,4.7586
2048,29,250,batch_2048/layer_029_iteration_0250.csv,251.9219,64.0064,0.2541,199,243.0000,724,2.8739,0.7899,0,2.8828,1.0122,4.5014
2048,29,325,batch_2048/layer_029_iteration_0325.csv,251.9844,59.6876,0.2369,204,242.5000,698,2.7700,0.8096,0,2.7617,1.0120,4.2503
2048,29,399,batch_2048/layer_029_iteration_0399.csv,252.2500,57.7181,0.2288,206,244.5000,679,2.6918,0.8167,0,2.6875,1.0149,4.4955
2048,30,100,batch_2048/layer_030_iteration_0100.csv,251.9531,25.5468,0.1014,189,251.5000,388,1.5400,0.7501,0,1.5391,1.0161,3.0006
2048,30,175,batch_2048/layer_030_iteration_0175.csv,251.6094,27.2148,0.1082,198,249.0000,403,1.6017,0.7869,0,1.5867,1.0175,3.2550
2048,30,250,batch_2048/layer_030_iteration_0250.csv,252.2656,26.0656,0.1033,216,248.5000,395,1.5658,0.8562,0,1.5664,1.0148,3.2466
2048,30,325,batch_2048/layer_030_iteration_0325.csv,251.8906,26.6224,0.1057,216,249.5000,416,1.6515,0.8575,0,1.6562,1.0123,3.0013
2048,30,399,batch_2048/layer_030_iteration_0399.csv,251.7031,24.9535,0.0991,214,247.5000,379,1.5057,0.8502,0,1.5000,1.0171,3.0035
2048,31,100,batch_2048/layer_031_iteration_0100.csv,252.2500,17.9435,0.0711,211,250.0000,294,1.1655,0.8365,1,1.1680,1.0149,2.7473
2048,31,175,batch_2048/layer_031_iteration_0175.csv,251.9844,18.3631,0.0729,216,249.5000,305,1.2104,0.8572,1,1.2037,1.0120,3.0002
2048,31,250,batch_2048/layer_031_iteration_0250.csv,252.1562,20.0454,0.0795,217,252.5000,298,1.1818,0.8606,0,1.1875,1.0152,3.2480
2048,31,325,batch_2048/layer_031_iteration_0325.csv,252.2344,20.4380,0.0810,214,247.5000,307,1.2171,0.8484,1,1.2188,1.0149,2.7474
2048,31,399,batch_2048/layer_031_iteration_0399.csv,251.7188,20.9892,0.0834,210,250.0000,301,1.1958,0.8343,0,1.1953,1.0170,3.2536
2048,32,100,batch_2048/layer_032_iteration_0100.csv,251.7500,34.1628,0.1357,201,245.5000,417,1.6564,0.7984,0,1.6680,1.0129,3.0030
2048,32,175,batch_2048/layer_032_iteration_0175.csv,252.0312,38.8092,0.1540,203,243.0000,449,1.7815,0.8055,0,1.7743,1.0157,3.9995
2048,32,250,batch_2048/layer_032_iteration_0250.csv,251.9688,36.1282,0.1434,208,246.0000,404,1.6034,0.8255,0,1.6016,1.0160,3.0004
2048,32,325,batch_2048/layer_032_iteration_0325.csv,252.1875,36.7699,0.1458,203,242.5000,428,1.6971,0.8050,0,1.7070,1.0112,3.2476
2048,32,399,batch_2048/layer_032_iteration_0399.csv,252.2812,30.9690,0.1228,205,248.0000,393,1.5578,0.8126,0,1.5547,1.0147,3.2464
2048,33,100,batch_2048/layer_033_iteration_0100.csv,252.0938,21.7749,0.0864,214,250.5000,320,1.2694,0.8489,0,1.2773,1.0115,2.9989
2048,33,175,batch_2048/layer_033_iteration_0175.csv,251.8125,25.5837,0.1016,194,247.5000,349,1.3860,0.7704,0,1.3874,1.0166,3.0022
2048,33,250,batch_2048/layer_033_iteration_0250.csv,251.7969,24.4311,0.0970,213,247.0000,342,1.3582,0.8459,0,1.3594,1.0127,3.0024
2048,33,325,batch_2048/layer_033_iteration_0325.csv,252.0156,24.1839,0.0960,213,249.5000,340,1.3491,0.8452,0,1.3438,1.0118,2.9998
2048,33,399,batch_2048/layer_033_iteration_0399.csv,251.7344,28.1498,0.1118,214,246.5000,366,1.4539,0.8501,0,1.4531,1.0169,3.5037
2048,34,100,batch_2048/layer_034_iteration_0100.csv,252.0000,32.0249,0.1271,204,245.5000,428,1.6984,0.8095,0,1.6875,1.0159,4.0000
2048,34,175,batch_2048/layer_034_iteration_0175.csv,251.4688,33.7782,0.1343,210,245.5000,408,1.6225,0.8351,0,1.6141,1.0180,3.2569
2048,34,250,batch_2048/layer_034_iteration_0250.csv,251.8281,27.6550,0.1098,215,248.5000,384,1.5248,0.8538,0,1.5273,1.0166,3.0020
2048,34,325,batch_2048/layer_034_iteration_0325.csv,252.2031,30.7333,0.1219,204,245.5000,388,1.5384,0.8089,0,1.5312,1.0111,3.9968
2048,34,399,batch_2048/layer_034_iteration_0399.csv,251.4844,31.3139,0.1245,208,245.5000,397,1.5786,0.8271,0,1.5586,1.0180,3.2567
2048,35,100,batch_2048/layer_035_iteration_0100.csv,251.6094,18.4023,0.0731,211,251.5000,304,1.2082,0.8386,6,1.2109,1.0175,3.5054
2048,35,175,batch_2048/layer_035_iteration_0175.csv,251.8438,21.2435,0.0844,215,248.5000,318,1.2627,0.8537,0,1.2428,1.0165,3.2520
2048,35,250,batch_2048/layer_035_iteration_0250.csv,251.9844,13.5871,0.0539,227,251.0000,285,1.1310,0.9008,2,1.1328,1.0120,3.5002
2048,35,325,batch_2048/layer_035_iteration_0325.csv,252.1250,17.9099,0.0710,212,250.5000,306,1.2137,0.8409,4,1.2070,1.0154,3.2484
2048,35,399,batch_2048/layer_035_iteration_0399.csv,251.6562,17.4939,0.0695,209,252.0000,293,1.1643,0.8305,0,1.1641,1.0173,3.0041
2048,36,100,batch_2048/layer_036_iteration_0100.csv,251.8438,29.7065,0.1180,214,247.0000,402,1.5962,0.8497,0,1.5859,1.0125,3.5022
2048,36,175,batch_2048/layer_036_iteration_0175.csv,251.9062,29.2701,0.1162,175,251.0000,380,1.5085,0.6947,1,1.4929,1.0163,3.0011
2048,36,250,batch_2048/layer_036_iteration_0250.csv,252.0312,30.8489,0.1224,208,248.5000,387,1.5355,0.8253,0,1.5430,1.0157,3.2496
2048,36,325,batch_2048/layer_036_iteration_0325.csv,252.1719,31.7665,0.1260,208,243.5000,392,1.5545,0.8248,0,1.5508,1.0152,3.4976
2048,36,399,batch_2048/layer_036_iteration_0399.csv,252.4219,29.1798,0.1156,192,249.5000,385,1.5252,0.7606,1,1.5352,1.0102,3.2446
2048,37,100,batch_2048/layer_037_iteration_0100.csv,251.7812,22.5614,0.0896,207,249.0000,321,1.2749,0.8221,1,1.2734,1.0168,3.0026
2048,37,175,batch_2048/layer_037_iteration_0175.csv,252.0156,23.8914,0.0948,198,249.5000,317,1.2579,0.7857,4,1.2584,1.0158,3.2498
2048,37,250,batch_2048/layer_037_iteration_0250.csv,251.6406,24.7003,0.0982,199,250.5000,328,1.3034,0.7908,1,1.3047,1.0173,3.2546
2048,37,325,batch_2048/layer_037_iteration_0325.csv,251.7812,26.6484,0.1058,192,249.0000,332,1.3186,0.7626,1,1.3203,1.0168,3.5030
2048,37,399,batch_2048/layer_037_iteration_0399.csv,252.0781,19.5291,0.0775,219,249.0000,320,1.2694,0.8688,0,1.2812,1.0156,2.9991
2048,38,100,batch_2048/layer_038_iteration_0100.csv,252.0469,53.5486,0.2125,198,244.0000,622,2.4678,0.7856,0,2.4688,1.0157,3.7493
2048,38,175,batch_2048/layer_038_iteration_0175.csv,251.4375,57.4203,0.2284,199,239.5000,636,2.5295,0.7914,0,2.5442,1.0181,4.0089
2048,38,250,batch_2048/layer_038_iteration_0250.csv,252.3594,57.1132,0.2263,209,243.0000,659,2.6114,0.8282,0,2.6367,1.0144,4.7432
2048,38,325,batch_2048/layer_038_iteration_0325.csv,252.1094,59.5617,0.2363,202,241.0000,659,2.6139,0.8012,0,2.5977,1.0115,4.2482
2048,38,399,batch_2048/layer_038_iteration_0399.csv,252.0469,55.1071,0.2186,205,239.5000,615,2.4400,0.8133,0,2.4492,1.0157,3.9993
2048,39,100,batch_2048/layer_039_iteration_0100.csv,251.5625,30.1216,0.1197,196,246.0000,368,1.4629,0.7791,1,1.4492,1.0176,3.0052
2048,39,175,batch_2048/layer_039_iteration_0175.csv,251.8281,32.7207,0.1299,196,246.5000,400,1.5884,0.7783,0,1.5945,1.0166,3.5024
2048,39,250,batch_2048/layer_039_iteration_0250.csv,251.9062,33.7499,0.1340,209,246.0000,379,1.5045,0.8297,0,1.5078,1.0123,3.7514
2048,39,325,batch_2048/layer_039_iteration_0325.csv,251.9219,38.1315,0.1514,212,243.0000,418,1.6592,0.8415,0,1.6641,1.0122,4.2513
2048,39,399,batch_2048/layer_039_iteration_0399.csv,251.6250,32.4618,0.1290,207,243.0000,411,1.6334,0.8227,0,1.6484,1.0134,3.2548
2048,40,100,batch_2048/layer_040_iteration_0100.csv,251.9688,18.6706,0.0741,206,251.0000,290,1.1509,0.8176,5,1.1523,1.0160,3.2504
2048,40,175,batch_2048/layer_040_iteration_0175.csv,251.7656,20.6153,0.0819,217,250.5000,315,1.2512,0.8619,7,1.2467,1.0128,3.2530
2048,40,250,batch_2048/layer_040_iteration_0250.csv,251.8594,21.1341,0.0839,203,251.0000,328,1.3023,0.8060,1,1.3008,1.0125,3.2518
2048,40,325,batch_2048/layer_040_iteration_0325.csv,251.9844,20.1133,0.0798,212,252.5000,296,1.1747,0.8413,29,1.1719,1.0159,3.2502
2048,40,399,batch_2048/layer_040_iteration_0399.csv,252.0938,20.4807,0.0812,212,251.0000,326,1.2932,0.8410,0,1.3008,1.0155,2.9989
2048,41,100,batch_2048/layer_041_iteration_0100.csv,251.9688,22.4722,0.0892,210,251.0000,308,1.2224,0.8334,0,1.2383,1.0160,3.2504
2048,41,175,batch_2048/layer_041_iteration_0175.csv,252.0312,21.2250,0.0842,202,250.5000,313,1.2419,0.8015,5,1.2350,1.0157,3.2496
2048,41,250,batch_2048/layer_041_iteration_0250.csv,252.3438,19.6780,0.0780,219,250.0000,302,1.1968,0.8679,8,1.1953,1.0145,2.9959
2048,41,325,batch_2048/layer_041_iteration_0325.csv,252.0781,19.6455,0.0779,211,247.5000,292,1.1584,0.8370,0,1.1641,1.0156,2.7491
2048,41,399,batch_2048/layer_041_iteration_0399.csv,251.5938,18.5950,0.0739,207,249.5000,300,1.1924,0.8228,0,1.2070,1.0135,2.7544
2048,42,100,batch_2048/layer_042_iteration_0100.csv,252.0312,24.4425,0.0970,218,248.5000,349,1.3847,0.8650,0,1.3750,1.0157,2.7497
2048,42,175,batch_2048/layer_042_iteration_0175.csv,251.8125,23.8484,0.0947,203,249.0000,346,1.3740,0.8062,0,1.3757,1.0166,3.2524
2048,42,250,batch_2048/layer_042_iteration_0250.csv,252.1094,21.2574,0.0843,213,250.0000,335,1.3288,0.8449,0,1.3281,1.0115,3.2486
2048,42,325,batch_2048/layer_042_iteration_0325.csv,252.4375,22.7527,0.0901,209,253.5000,338,1.3389,0.8279,0,1.3438,1.0141,2.9948
2048,42,399,batch_2048/layer_042_iteration_0399.csv,252.0000,23.8681,0.0947,207,247.0000,350,1.3889,0.8214,0,1.3984,1.0159,3.5000
2048,43,100,batch_2048/layer_043_iteration_0100.csv,252.0938,16.7376,0.0664,207,254.0000,290,1.1504,0.8211,36,1.1406,1.0115,2.9989
2048,43,175,batch_2048/layer_043_iteration_0175.csv,252.2188,18.3775,0.0729,212,252.5000,290,1.1498,0.8405,2,1.1607,1.0150,2.9974
2048,43,250,batch_2048/layer_043_iteration_0250.csv,251.7656,17.9728,0.0714,199,251.5000,295,1.1717,0.7904,11,1.1680,1.0168,3.0028
2048,43,325,batch_2048/layer_043_iteration_0325.csv,251.6250,17.7716,0.0706,217,252.0000,286,1.1366,0.8624,4,1.1406,1.0174,3.0045
2048,43,399,batch_2048/layer_043_iteration_0399.csv,251.8125,18.1718,0.0722,216,252.5000,311,1.2350,0.8578,7,1.2578,1.0166,3.0022
2048,44,100,batch_2048/layer_044_iteration_0100.csv,251.8906,19.8959,0.0790,208,248.5000,319,1.2664,0.8258,0,1.2656,1.0123,3.0013
2048,44,175,batch_2048/layer_044_iteration_0175.csv,251.6250,19.8089,0.0787,214,250.0000,305,1.2121,0.8505,4,1.2076,1.0174,3.2548
2048,44,250,batch_2048/layer_044_iteration_0250.csv,251.6562,18.2587,0.0726,216,250.5000,316,1.2557,0.8583,2,1.2539,1.0133,3.0041
2048,44,325,batch_2048/layer_044_iteration_0325.csv,251.6719,20.3562,0.0809,204,248.0000,314,1.2477,0.8106,2,1.2461,1.0172,3.0039
2048,44,399,batch_2048/layer_044_iteration_0399.csv,251.7656,18.5983,0.0739,219,252.5000,334,1.3266,0.8699,0,1.3203,1.0128,3.0028
2048,45,100,batch_2048/layer_045_iteration_0100.csv,252.1719,29.2791,0.1161,213,247.0000,398,1.5783,0.8447,0,1.5898,1.0152,3.2478
2048,45,175,batch_2048/layer_045_iteration_0175.csv,252.0156,27.0448,0.1073,197,249.0000,394,1.5634,0.7817,0,1.5672,1.0158,2.9998
2048,45,250,batch_2048/layer_045_iteration_0250.csv,252.0000,31.7141,0.1258,213,249.5000,414,1.6429,0.8452,0,1.6367,1.0159,3.7500
2048,45,325,batch_2048/layer_045_iteration_0325.csv,251.5469,29.6758,0.1180,211,247.0000,402,1.5981,0.8388,0,1.5898,1.0098,3.0054
2048,45,399,batch_2048/layer_045_iteration_0399.csv,251.9844,26.8273,0.1065,200,249.0000,388,1.5398,0.7937,0,1.5508,1.0159,3.2502
2048,46,100,batch_2048/layer_046_iteration_0100.csv,251.7656,20.7234,0.0823,209,250.5000,368,1.4617,0.8301,0,1.4648,1.0168,3.2530
2048,46,175,batch_2048/layer_046_iteration_0175.csv,251.8906,23.9505,0.0951,218,247.0000,374,1.4848,0.8655,0,1.4851,1.0163,3.0013
2048,46,250,batch_2048/layer_046_iteration_0250.csv,252.0781,24.1559,0.0958,208,249.5000,375,1.4876,0.8251,0,1.4883,1.0156,2.9991
2048,46,325,batch_2048/layer_046_iteration_0325.csv,251.7812,28.6135,0.1136,204,248.5000,401,1.5927,0.8102,0,1.5898,1.0168,3.5030
2048,46,399,batch_2048/layer_046_iteration_0399.csv,251.7656,23.4186,0.0930,213,250.5000,355,1.4100,0.8460,0,1.4219,1.0168,3.2530
2048,47,100,batch_2048/layer_047_iteration_0100.csv,252.1250,23.4917,0.0932,210,248.5000,372,1.4755,0.8329,0,1.4766,1.0154,3.2484
2048,47,175,batch_2048/layer_047_iteration_0175.csv,251.9062,27.5254,0.1093,209,246.0000,385,1.5283,0.8297,0,1.5242,1.0163,3.2512
2048,47,250,batch_2048/layer_047_iteration_0250.csv,251.9844,24.3949,0.0968,210,251.5000,375,1.4882,0.8334,0,1.5000,1.0159,3.0002
2048,47,325,batch_2048/layer_047_iteration_0325.csv,251.8281,25.4697,0.1011,206,250.0000,375,1.4891,0.8180,0,1.4844,1.0126,3.7526
2048,47,399,batch_2048/layer_047_iteration_0399.csv,252.0938,24.3771,0.0967,219,249.5000,379,1.5034,0.8687,0,1.5078,1.0155,2.9989
2048,48,100,batch_2048/layer_048_iteration_0100.csv,251.7969,23.7784,0.0944,216,247.5000,356,1.4138,0.8578,0,1.4219,1.0167,3.5028
2048,48,175,batch_2048/layer_048_iteration_0175.csv,252.2031,27.2805,0.1082,217,246.0000,394,1.5622,0.8604,0,1.5554,1.0151,3.2474
2048,48,250,batch_2048/layer_048_iteration_0250.csv,251.9062,24.5864,0.0976,205,251.5000,346,1.3735,0.8138,0,1.3789,1.0163,3.0011
2048,48,325,batch_2048/layer_048_iteration_0325.csv,251.8438,25.2278,0.1002,214,251.0000,373,1.4811,0.8497,0,1.4844,1.0125,3.0019
2048,48,399,batch_2048/layer_048_iteration_0399.csv,252.3125,21.9956,0.0872,205,250.0000,327,1.2960,0.8125,0,1.3125,1.0146,3.4957
2048,49,100,batch_2048/layer_049_iteration_0100.csv,252.1875,20.3630,0.0807,206,252.5000,303,1.2015,0.8169,0,1.2031,1.0151,3.4974
2048,49,175,batch_2048/layer_049_iteration_0175.csv,251.6719,22.8535,0.0908,212,248.5000,314,1.2477,0.8424,0,1.2350,1.0172,3.2542
2048,49,250,batch_2048/layer_049_iteration_0250.csv,251.8281,20.4989,0.0814,210,250.0000,323,1.2826,0.8339,0,1.2773,1.0126,3.0020
2048,49,325,batch_2048/layer_049_iteration_0325.csv,252.1406,20.7371,0.0822,208,253.0000,320,1.2691,0.8249,0,1.2773,1.0153,4.2476
2048,49,399,batch_2048/layer_049_iteration_0399.csv,252.6562,21.3945,0.0847,208,249.0000,302,1.1953,0.8233,2,1.1992,1.0132,2.9922
2048,50,100,batch_2048/layer_050_iteration_0100.csv,252.3594,21.4034,0.0848,214,250.5000,334,1.3235,0.8480,0,1.3320,1.0144,2.9957
2048,50,175,batch_2048/layer_050_iteration_0175.csv,251.7500,24.4553,0.0971,194,250.5000,374,1.4856,0.7706,0,1.4851,1.0129,3.2532
2048,50,250,batch_2048/layer_050_iteration_0250.csv,252.2188,17.4378,0.0691,221,251.0000,323,1.2806,0.8762,0,1.2773,1.0150,2.9974
2048,50,325,batch_2048/layer_050_iteration_0325.csv,252.0625,21.0215,0.0834,216,248.0000,332,1.3171,0.8569,0,1.3242,1.0156,2.9993
2048,50,399,batch_2048/layer_050_iteration_0399.csv,252.3281,23.4168,0.0928,206,253.0000,337,1.3356,0.8164,0,1.3320,1.0146,3.7451
2048,51,100,batch_2048/layer_051_iteration_0100.csv,252.2031,16.0762,0.0637,213,253.0000,291,1.1538,0.8446,42,1.1484,1.0151,2.7478
2048,51,175,batch_2048/layer_051_iteration_0175.csv,251.2344,18.2831,0.0728,216,249.0000,290,1.1543,0.8598,22,1.1529,1.0150,3.2599
2048,51,250,batch_2048/layer_051_iteration_0250.csv,251.9844,18.7579,0.0744,212,251.5000,303,1.2025,0.8413,1,1.2070,1.0159,3.2502
2048,51,325,batch_2048/layer_051_iteration_0325.csv,251.9375,16.5008,0.0655,206,253.0000,284,1.1273,0.8177,3,1.1133,1.0161,3.0007
2048,51,399,batch_2048/layer_051_iteration_0399.csv,251.9375,18.2233,0.0723,215,254.0000,296,1.1749,0.8534,6,1.1641,1.0122,3.2508
2048,52,100,batch_2048/layer_052_iteration_0100.csv,251.8281,39.6132,0.1573,211,248.5000,523,2.0768,0.8379,0,2.0781,1.0166,3.2522
2048,52,175,batch_2048/layer_052_iteration_0175.csv,251.7344,36.2307,0.1439,211,245.5000,493,1.9584,0.8382,0,1.9580,1.0169,3.0032
2048,52,250,batch_2048/layer_052_iteration_0250.csv,251.8281,32.7011,0.1299,215,247.5000,477,1.8941,0.8538,0,1.9062,1.0166,3.5024
2048,52,325,batch_2048/layer_052_iteration_0325.csv,252.5625,37.5528,0.1487,205,249.5000,516,2.0431,0.8117,0,2.0469,1.0136,3.2428
2048,52,399,batch_2048/layer_052_iteration_0399.csv,252.0000,34.7068,0.1377,213,246.5000,482,1.9127,0.8452,0,1.9180,1.0159,3.2500
2048,53,100,batch_2048/layer_053_iteration_0100.csv,252.1094,24.9237,0.0989,209,246.0000,373,1.4795,0.8290,0,1.4883,1.0154,3.4985
2048,53,175,batch_2048/layer_053_iteration_0175.csv,251.7031,25.6239,0.1018,206,247.5000,353,1.4024,0.8184,0,1.4187,1.0171,3.2538
2048,53,250,batch_2048/layer_053_iteration_0250.csv,251.8594,29.8778,0.1186,222,243.5000,410,1.6279,0.8814,0,1.6367,1.0125,3.5020
2048,53,325,batch_2048/layer_053_iteration_0325.csv,252.0312,29.2404,0.1160,210,252.5000,412,1.6347,0.8332,0,1.6367,1.0157,3.2496
2048,53,399,batch_2048/layer_053_iteration_0399.csv,251.4062,26.9222,0.1071,205,247.0000,400,1.5911,0.8154,0,1.6094,1.0183,3.2577
2048,54,100,batch_2048/layer_054_iteration_0100.csv,251.8906,16.1401,0.0641,217,253.0000,288,1.1434,0.8615,12,1.1406,1.0123,3.2514
2048,54,175,batch_2048/layer_054_iteration_0175.csv,251.5469,18.3047,0.0728,206,249.0000,308,1.2244,0.8189,3,1.2233,1.0137,3.2559
2048,54,250,batch_2048/layer_054_iteration_0250.csv,252.6094,19.6028,0.0776,209,250.5000,336,1.3301,0.8274,0,1.3359,1.0134,2.9928
2048,54,325,batch_2048/layer_054_iteration_0325.csv,252.0469,15.8966,0.0631,222,247.5000,308,1.2220,0.8808,0,1.2227,1.0157,3.2494
2048,54,399,batch_2048/layer_054_iteration_0399.csv,252.0156,18.6342,0.0739,213,250.0000,300,1.1904,0.8452,0,1.1836,1.0158,2.7498
2048,55,100,batch_2048/layer_055_iteration_0100.csv,252.0938,28.9308,0.1148,199,248.0000,422,1.6740,0.7894,0,1.6641,1.0155,2.9989
2048,55,175,batch_2048/layer_055_iteration_0175.csv,252.2969,32.6208,0.1293,207,251.0000,445,1.7638,0.8205,0,1.7509,1.0147,3.7456
2048,55,250,batch_2048/layer_055_iteration_0250.csv,251.8906,25.2092,0.1001,217,247.5000,398,1.5801,0.8615,0,1.5664,1.0163,3.2514
2048,55,325,batch_2048/layer_055_iteration_0325.csv,251.9062,30.8098,0.1223,201,247.0000,425,1.6871,0.7979,0,1.6797,1.0163,3.2512
2048,55,399,batch_2048/layer_055_iteration_0399.csv,252.2344,27.1787,0.1078,212,248.0000,402,1.5938,0.8405,0,1.5977,1.0149,2.9972
2048,56,100,batch_2048/layer_056_iteration_0100.csv,252.0156,16.9083,0.0671,212,251.0000,295,1.1706,0.8412,54,1.1758,1.0158,3.2498
2048,56,175,batch_2048/layer_056_iteration_0175.csv,252.1719,17.6082,0.0698,214,250.5000,311,1.2333,0.8486,0,1.2467,1.0152,2.9980
2048,56,250,batch_2048/layer_056_iteration_0250.csv,251.7500,15.9814,0.0635,219,249.0000,302,1.1996,0.8699,0,1.2031,1.0129,3.2532
2048,56,325,batch_2048/layer_056_iteration_0325.csv,251.5469,16.4202,0.0653,223,250.5000,298,1.1847,0.8865,47,1.2031,1.0177,2.7550
2048,56,399,batch_2048/layer_056_iteration_0399.csv,251.9062,15.3162,0.0608,224,250.5000,293,1.1631,0.8892,47,1.1680,1.0163,3.0011
2048,57,100,batch_2048/layer_057_iteration_0100.csv,251.7031,23.2350,0.0923,211,247.5000,341,1.3548,0.8383,0,1.3516,1.0171,3.0035
2048,57,175,batch_2048/layer_057_iteration_0175.csv,252.3281,26.6898,0.1058,214,244.0000,372,1.4743,0.8481,0,1.4695,1.0146,2.9961
2048,57,250,batch_2048/layer_057_iteration_0250.csv,252.2656,21.1263,0.0837,209,251.5000,328,1.3002,0.8285,0,1.3086,1.0148,2.9968
2048,57,325,batch_2048/layer_057_iteration_0325.csv,252.1719,21.2688,0.0843,212,246.0000,328,1.3007,0.8407,0,1.3086,1.0152,2.9980
2048,57,399,batch_2048/layer_057_iteration_0399.csv,252.2812,23.8501,0.0945,205,252.5000,349,1.3834,0.8126,0,1.3867,1.0147,3.2464
2048,58,100,batch_2048/layer_058_iteration_0100.csv,251.8281,27.7796,0.1103,210,248.0000,385,1.5288,0.8339,0,1.5273,1.0166,3.2522
2048,58,175,batch_2048/layer_058_iteration_0175.csv,252.0156,26.4832,0.1051,209,246.0000,382,1.5158,0.8293,0,1.5359,1.0158,3.2498
2048,58,250,batch_2048/layer_058_iteration_0250.csv,251.8281,24.0667,0.0956,204,251.0000,382,1.5169,0.8101,0,1.5273,1.0166,3.2522
2048,58,325,batch_2048/layer_058_iteration_0325.csv,251.7031,27.3094,0.1085,213,248.0000,408,1.6210,0.8462,0,1.6133,1.0131,3.2538
2048,58,399,batch_2048/layer_058_iteration_0399.csv,251.9531,24.1580,0.0959,220,248.0000,373,1.4804,0.8732,0,1.4805,1.0161,3.2506
2048,59,100,batch_2048/layer_059_iteration_0100.csv,251.7031,18.7422,0.0745,211,250.0000,302,1.1998,0.8383,1,1.2031,1.0171,3.2538
2048,59,175,batch_2048/layer_059_iteration_0175.csv,252.1250,18.3401,0.0727,208,249.5000,313,1.2414,0.8250,0,1.2428,1.0154,2.9985
2048,59,250,batch_2048/layer_059_iteration_0250.csv,251.7344,18.2262,0.0724,217,254.0000,304,1.2076,0.8620,13,1.2109,1.0130,3.2534
2048,59,325,batch_2048/layer_059_iteration_0325.csv,252.3594,19.4634,0.0771,212,251.5000,303,1.2007,0.8401,13,1.1953,1.0105,3.4950
2048,59,399,batch_2048/layer_059_iteration_0399.csv,252.0625,17.4409,0.0692,219,251.0000,301,1.1941,0.8688,1,1.1875,1.0156,2.7493
2048,60,100,batch_2048/layer_060_iteration_0100.csv,252.0938,22.2273,0.0882,215,246.5000,331,1.3130,0.8529,0,1.3047,1.0155,3.2488
2048,60,175,batch_2048/layer_060_iteration_0175.csv,251.8750,17.5477,0.0697,224,249.0000,302,1.1990,0.8893,7,1.1959,1.0164,3.2516
2048,60,250,batch_2048/layer_060_iteration_0250.csv,252.3125,19.1889,0.0761,205,251.0000,315,1.2485,0.8125,0,1.2461,1.0107,2.9963
2048,60,325,batch_2048/layer_060_iteration_0325.csv,252.2969,24.4838,0.0970,208,249.0000,328,1.3001,0.8244,0,1.3164,1.0147,2.9965
2048,60,399,batch_2048/layer_060_iteration_0399.csv,252.2812,18.2923,0.0725,221,249.5000,308,1.2209,0.8760,1,1.2188,1.0147,3.2464
4096,3,100,batch_4096/layer_003_iteration_0100.csv,503.9531,20.6983,0.0411,456,506.5000,555,1.1013,0.9048,8,1.0957,1.0120,2.3752
4096,3,175,batch_4096/layer_003_iteration_0175.csv,504.0781,22.6373,0.0449,456,503.5000,558,1.1070,0.9046,43,1.1016,1.0117,2.8746
4096,3,250,batch_4096/layer_003_iteration_0250.csv,504.0938,26.9303,0.0534,432,508.0000,584,1.1585,0.8570,27,1.1602,1.0097,2.3746
4096,3,325,batch_4096/layer_003_iteration_0325.csv,503.4375,25.4699,0.0506,419,505.5000,570,1.1322,0.8323,27,1.1309,1.0130,2.2525
4096,3,399,batch_4096/layer_003_iteration_0399.csv,504.4844,26.9386,0.0534,444,503.0000,573,1.1358,0.8801,11,1.1309,1.0090,2.4976
4096,4,100,batch_4096/layer_004_iteration_0100.csv,504.1094,21.8876,0.0434,459,506.0000,558,1.1069,0.9105,63,1.1055,1.0117,2.6244
4096,4,175,batch_4096/layer_004_iteration_0175.csv,504.0625,22.1655,0.0440,457,500.0000,560,1.1110,0.9066,3,1.1152,1.0118,2.6247
4096,4,250,batch_4096/layer_004_iteration_0250.csv,504.1250,25.9612,0.0515,451,503.0000,567,1.1247,0.8946,37,1.1230,1.0117,2.2494
4096,4,325,batch_4096/layer_004_iteration_0325.csv,504.0312,25.8729,0.0513,458,503.5000,579,1.1487,0.9087,31,1.1504,1.0099,2.3749
4096,4,399,batch_4096/layer_004_iteration_0399.csv,504.3906,21.1613,0.0420,462,502.0000,573,1.1360,0.9160,31,1.1328,1.0111,2.2483
4096,5,100,batch_4096/layer_005_iteration_0100.csv,503.2344,22.3052,0.0443,445,504.0000,543,1.0790,0.8843,8,1.0742,1.0134,2.3786
4096,5,175,batch_4096/layer_005_iteration_0175.csv,504.1250,26.4962,0.0526,459,498.5000,587,1.1644,0.9105,0,1.1660,1.0136,2.3744
4096,5,250,batch_4096/layer_005_iteration_0250.csv,504.6094,24.2684,0.0481,451,500.5000,572,1.1336,0.8938,0,1.1426,1.0107,2.4970
4096,5,325,batch_4096/layer_005_iteration_0325.csv,503.8594,25.5856,0.0508,454,504.0000,567,1.1253,0.9010,41,1.1250,1.0122,2.3757
4096,5,399,batch_4096/layer_005_iteration_0399.csv,503.5156,27.3302,0.0543,439,500.5000,574,1.1400,0.8719,2,1.1387,1.0109,2.3773
4096,6,100,batch_4096/layer_006_iteration_0100.csv,504.5000,29.8491,0.0592,456,499.0000,598,1.1853,0.9039,0,1.1895,1.0109,2.7473
4096,6,175,batch_4096/layer_006_iteration_0175.csv,503.9531,30.4428,0.0604,438,500.5000,623,1.2362,0.8691,0,1.2363,1.0120,2.2502
4096,6,250,batch_4096/layer_006_iteration_0250.csv,504.0469,36.5207,0.0725,435,497.0000,628,1.2459,0.8630,0,1.2500,1.0118,2.6248
4096,6,325,batch_4096/layer_006_iteration_0325.csv,504.3438,32.4361,0.0643,453,499.5000,651,1.2908,0.8982,0,1.2852,1.0112,2.3734
4096,6,399,batch_4096/layer_006_iteration_0399.csv,503.6094,32.1455,0.0638,454,497.5000,644,1.2788,0.9015,0,1.2793,1.0107,2.6270
4096,7,100,batch_4096/layer_007_iteration_0100.csv,503.8750,64.6545,0.1283,447,493.5000,951,1.8874,0.8871,0,1.8867,1.0102,2.8757
4096,7,175,batch_4096/layer_007_iteration_0175.csv,503.9219,69.1491,0.1372,434,491.0000,952,1.8892,0.8612,0,1.8809,1.0101,3.0005
4096,7,250,batch_4096/layer_007_iteration_0250.csv,503.6562,74.5916,0.1481,442,493.5000,974,1.9339,0.8776,0,1.9375,1.0106,3.3773
4096,7,325,batch_4096/layer_007_iteration_0325.csv,503.3750,66.9257,0.1330,444,493.0000,958,1.9032,0.8820,0,1.9023,1.0132,2.8786
4096,7,399,batch_4096/layer_007_iteration_0399.csv,504.3281,67.5241,0.1339,445,494.0000,965,1.9134,0.8824,0,1.9141,1.0093,2.9980
4096,8,100,batch_4096/layer_008_iteration_0100.csv,503.8750,142.7438,0.2833,416,482.0000,1597,3.1694,0.8256,0,3.1543,1.0141,4.3761
4096,8,175,batch_4096/layer_008_iteration_0175.csv,504.6562,137.5331,0.2725,428,481.5000,1560,3.0912,0.8481,0,3.0898,1.0106,4.4941
4096,8,250,batch_4096/layer_008_iteration_0250.csv,503.9219,142.8866,0.2835,431,480.5000,1602,3.1791,0.8553,0,3.1816,1.0101,4.3757
4096,8,325,batch_4096/layer_008_iteration_0325.csv,503.7969,145.7548,0.2893,435,479.0000,1629,3.2334,0.8634,0,3.2402,1.0103,4.3768
4096,8,399,batch_4096/layer_008_iteration_0399.csv,503.8281,147.4344,0.2926,421,482.0000,1637,3.2491,0.8356,0,3.2578,1.0103,4.5015
4096,9,100,batch_4096/layer_009_iteration_0100.csv,502.9531,26.2318,0.0522,464,501.0000,579,1.1512,0.9226,3,1.1543,1.0100,2.2547
4096,9,175,batch_4096/layer_009_iteration_0175.csv,504.3125,36.4995,0.0724,440,499.0000,600,1.1897,0.8725,0,1.1797,1.0113,2.3735
4096,9,250,batch_4096/layer_009_iteration_0250.csv,504.2188,31.8995,0.0633,447,499.5000,621,1.2316,0.8865,0,1.2344,1.0115,2.2490
4096,9,325,batch_4096/layer_009_iteration_0325.csv,503.8438,33.1645,0.0658,448,498.5000,578,1.1472,0.8892,9,1.1445,1.0102,2.3757
4096,9,399,batch_4096/layer_009_iteration_0399.csv,503.8438,37.0258,0.0735,452,498.5000,624,1.2385,0.8971,3,1.2363,1.0102,2.5008
4096,10,100,batch_4096/layer_010_iteration_0100.csv,503.3438,45.9933,0.0914,454,496.5000,781,1.5516,0.9020,0,1.5430,1.0112,2.8787
4096,10,175,batch_4096/layer_010_iteration_0175.csv,504.3594,48.6484,0.0965,446,494.5000,770,1.5267,0.8843,0,1.5234,1.0112,3.2477
4096,10,250,batch_4096/layer_010_iteration_0250.csv,503.5156,36.7100,0.0729,459,496.0000,706,1.4021,0.9116,0,1.4023,1.0109,2.6275
4096,10,325,batch_4096/layer_010_iteration_0325.csv,503.8906,42.0067,0.0834,443,495.0000,723,1.4348,0.8792,0,1.4414,1.0121,2.6256
4096,10,399,batch_4096/layer_010_iteration_0399.csv,503.9375,45.6990,0.0907,419,500.0000,737,1.4625,0.8315,0,1.4746,1.0100,2.7503
4096,11,100,batch_4096/layer_011_iteration_0100.csv,503.8906,38.3867,0.0762,438,492.0000,641,1.2721,0.8692,0,1.2715,1.0121,2.3755
4096,11,175,batch_4096/layer_011_iteration_0175.csv,504.2344,44.2400,0.0877,433,496.0000,712,1.4120,0.8587,0,1.4082,1.0134,2.4988
4096,11,250,batch_4096/layer_011_iteration_0250.csv,503.7812,44.2593,0.0879,438,493.5000,652,1.2942,0.8694,0,1.2930,1.0163,2.8762
4096,11,325,batch_4096/layer_011_iteration_0325.csv,503.4219,37.4365,0.0744,452,498.0000,639,1.2693,0.8979,0,1.2773,1.0131,2.3777
4096,11,399,batch_4096/layer_011_iteration_0399.csv,503.9688,43.1893,0.0857,432,495.0000,652,1.2937,0.8572,0,1.3066,1.0140,2.5002
4096,12,100,batch_4096/layer_012_iteration_0100.csv,503.7656,29.9827,0.0595,438,501.5000,607,1.2049,0.8695,0,1.2012,1.0124,2.3761
4096,12,175,batch_4096/layer_012_iteration_0175.csv,504.0781,24.6242,0.0489,464,504.0000,595,1.1804,0.9205,0,1.1758,1.0098,2.6246
4096,12,250,batch_4096/layer_012_iteration_0250.csv,503.7344,27.2404,0.0541,456,499.0000,602,1.1951,0.9052,0,1.1914,1.0105,2.3763
4096,12,325,batch_4096/layer_012_iteration_0325.csv,503.9219,28.2916,0.0561,451,499.0000,581,1.1530,0.8950,2,1.1504,1.0101,2.3754
4096,12,399,batch_4096/layer_012_iteration_0399.csv,504.1875,30.3222,0.0601,449,495.0000,618,1.2257,0.8905,0,1.2266,1.0095,2.4991
4096,13,100,batch_4096/layer_013_iteration_0100.csv,503.9219,28.3231,0.0562,432,501.5000,594,1.1788,0.8573,0,1.1719,1.0101,2.3754
4096,13,175,batch_4096/layer_013_iteration_0175.csv,504.3594,32.7664,0.0650,459,498.5000,612,1.2134,0.9101,0,1.2168,1.0112,2.4982
4096,13,250,batch_4096/layer_013_iteration_0250.csv,503.6094,29.8101,0.0592,434,496.0000,606,1.2033,0.8618,0,1.1992,1.0127,2.5019
4096,13,325,batch_4096/layer_013_iteration_0325.csv,504.1562,26.6014,0.0528,446,501.0000,577,1.1445,0.8846,6,1.1445,1.0096,2.3743
4096,13,399,batch_4096/layer_013_iteration_0399.csv,503.9062,32.4200,0.0643,453,498.5000,616,1.2224,0.8990,3,1.2246,1.0101,2.6255
4096,14,100,batch_4096/layer_014_iteration_0100.csv,504.1875,70.7266,0.1403,441,490.0000,1006,1.9953,0.8747,0,1.9863,1.0115,2.8739
4096,14,175,batch_4096/layer_014_iteration_0175.csv,504.2969,73.1368,0.1450,438,493.5000,1015,2.0127,0.8685,0,2.0039,1.0113,3.1232
4096,14,250,batch_4096/layer_014_iteration_0250.csv,504.1094,65.3486,0.1296,430,497.0000,970,1.9242,0.8530,0,1.9258,1.0097,3.3743
4096,14,325,batch_4096/layer_014_iteration_0325.csv,504.4531,64.0154,0.1269,446,495.0000,956,1.8951,0.8841,0,1.8984,1.0130,2.9973
4096,14,399,batch_4096/layer_014_iteration_0399.csv,503.7344,71.4732,0.1419,438,498.0000,1006,1.9971,0.8695,0,2.0000,1.0105,3.0016
4096,15,100,batch_4096/layer_015_iteration_0100.csv,503.8125,59.0698,0.1172,429,491.5000,746,1.4807,0.8515,0,1.4727,1.0103,3.2512
4096,15,175,batch_4096/layer_015_iteration_0175.csv,504.1719,63.3299,0.1256,396,495.5000,784,1.5550,0.7854,0,1.5469,1.0155,2.7491
4096,15,250,batch_4096/layer_015_iteration_0250.csv,504.2344,61.0621,0.1211,437,485.0000,784,1.5548,0.8667,0,1.5664,1.0114,2.4988
4096,15,325,batch_4096/layer_015_iteration_0325.csv,504.1719,53.5944,0.1063,438,491.0000,754,1.4955,0.8688,0,1.4902,1.0135,2.7491
4096,15,399,batch_4096/layer_015_iteration_0399.csv,504.5156,59.2125,0.1174,431,488.0000,781,1.5480,0.8543,0,1.5527,1.0089,2.6223
4096,16,100,batch_4096/layer_016_iteration_0100.csv,504.6719,74.7331,0.1481,414,487.5000,882,1.7477,0.8203,0,1.7441,1.0106,2.7463
4096,16,175,batch_4096/layer_016_iteration_0175.csv,503.5781,74.9585,0.1489,428,485.0000,863,1.7137,0.8499,0,1.7227,1.0108,3.0025
4096,16,250,batch_4096/layer_016_iteration_0250.csv,504.0156,78.8538,0.1565,411,486.0000,864,1.7142,0.8155,0,1.7129,1.0119,2.7499
4096,16,325,batch_4096/layer_016_iteration_0325.csv,503.7344,78.3829,0.1556,434,483.0000,887,1.7608,0.8616,0,1.7578,1.0124,3.0016
4096,16,399,batch_4096/layer_016_iteration_0399.csv,503.8906,76.5143,0.1518,408,486.5000,872,1.7305,0.8097,0,1.7441,1.0101,3.0007
4096,17,100,batch_4096/layer_017_iteration_0100.csv,503.8906,170.5496,0.3385,426,477.5000,1835,3.6417,0.8454,0,3.6152,1.0121,4.7510
4096,17,175,batch_4096/layer_017_iteration_0175.csv,504.4531,177.9531,0.3528,427,477.5000,1894,3.7546,0.8465,0,3.7578,1.0090,4.9955
4096,17,250,batch_4096/layer_017_iteration_0250.csv,504.0156,169.4838,0.3363,438,482.0000,1832,3.6348,0.8690,0,3.6309,1.0099,4.8748
4096,17,325,batch_4096/layer_017_iteration_0325.csv,503.9531,173.4128,0.3441,424,480.0000,1859,3.6888,0.8413,0,3.6953,1.0120,5.0005
4096,17,399,batch_4096/layer_017_iteration_0399.csv,503.8125,170.3560,0.3381,429,480.0000,1833,3.6383,0.8515,0,3.6348,1.0123,4.6267
4096,18,100,batch_4096/layer_018_iteration_0100.csv,503.7344,24.6996,0.0490,449,502.0000,577,1.1454,0.8913,0,1.1465,1.0105,2.6264
4096,18,175,batch_4096/layer_018_iteration_0175.csv,503.3594,25.1361,0.0499,457,499.0000,555,1.1026,0.9079,5,1.0996,1.0112,2.3780
4096,18,250,batch_4096/layer_018_iteration_0250.csv,504.4688,24.7620,0.0491,444,501.0000,568,1.1259,0.8801,4,1.1211,1.0110,2.3728
4096,18,325,batch_4096/layer_018_iteration_0325.csv,504.0781,27.3418,0.0542,435,504.0000,577,1.1447,0.8630,3,1.1426,1.0117,2.3746
4096,18,399,batch_4096/layer_018_iteration_0399.csv,504.8438,25.0282,0.0496,453,504.5000,563,1.1152,0.8973,7,1.1152,1.0122,2.3710
4096,19,100,batch_4096/layer_019_iteration_0100.csv,503.8438,37.7832,0.0750,444,501.0000,677,1.3437,0.8812,0,1.3418,1.0102,2.2507
4096,19,175,batch_4096/layer_019_iteration_0175.csv,503.8125,43.6484,0.0866,411,497.5000,715,1.4192,0.8158,0,1.4141,1.0103,2.3759
4096,19,250,batch_4096/layer_019_iteration_0250.csv,504.1562,41.1276,0.0816,412,497.5000,680,1.3488,0.8172,0,1.3555,1.0116,2.3743
4096,19,325,batch_4096/layer_019_iteration_0325.csv,503.9062,39.0167,0.0774,429,496.0000,662,1.3137,0.8513,0,1.3203,1.0101,2.3754
4096,19,399,batch_4096/layer_019_iteration_0399.csv,504.4375,44.8953,0.0890,428,496.5000,740,1.4670,0.8485,0,1.4785,1.0090,2.7476
4096,20,100,batch_4096/layer_020_iteration_0100.csv,504.3125,78.3422,0.1553,420,485.5000,992,1.9670,0.8328,0,1.9531,1.0133,2.8732
4096,20,175,batch_4096/layer_020_iteration_0175.csv,504.1562,75.9128,0.1506,423,488.0000,1004,1.9914,0.8390,0,1.9863,1.0116,3.1240
4096,20,250,batch_4096/layer_020_iteration_0250.csv,504.2812,69.8965,0.1386,438,488.0000,970,1.9235,0.8686,0,1.9258,1.0133,2.8734
4096,20,325,batch_4096/layer_020_iteration_0325.csv,504.0781,73.4884,0.1458,433,488.0000,984,1.9521,0.8590,0,1.9570,1.0117,3.1245
4096,20,399,batch_4096/layer_020_iteration_0399.csv,504.0469,76.4218,0.1516,429,490.0000,1010,2.0038,0.8511,0,2.0117,1.0098,2.8747
4096,21,100,batch_4096/layer_021_iteration_0100.csv,504.6250,44.9828,0.0891,439,496.0000,772,1.5298,0.8700,0,1.5273,1.0126,3.1211
4096,21,175,batch_4096/layer_021_iteration_0175.csv,503.5156,56.0463,0.1113,432,495.5000,827,1.6425,0.8580,0,1.6406,1.0089,2.6275
4096,21,250,batch_4096/layer_021_iteration_0250.csv,503.4062,43.9747,0.0874,435,498.0000,740,1.4700,0.8641,0,1.4668,1.0091,2.3778
4096,21,325,batch_4096/layer_021_iteration_0325.csv,503.5312,55.0761,0.1094,434,493.0000,857,1.7020,0.8619,0,1.7031,1.0128,2.8777
4096,21,399,batch_4096/layer_021_iteration_0399.csv,503.6875,49.9158,0.0991,443,495.5000,783,1.5545,0.8795,0,1.5527,1.0086,3.1269
4096,22,100,batch_4096/layer_022_iteration_0100.csv,504.3906,95.3911,0.1891,410,477.0000,1088,2.1571,0.8129,0,2.1543,1.0091,3.4973
4096,22,175,batch_4096/layer_022_iteration_0175.csv,503.9375,95.0038,0.1885,419,479.0000,1111,2.2046,0.8315,0,2.2207,1.0100,3.5004
4096,22,250,batch_4096/layer_022_iteration_0250.csv,503.7031,92.7963,0.1842,416,483.0000,1085,2.1540,0.8259,0,2.1445,1.0125,3.0018
4096,22,325,batch_4096/layer_022_iteration_0325.csv,504.0781,91.8006,0.1821,413,480.0000,1065,2.1128,0.8193,0,2.1152,1.0098,3.3745
4096,22,399,batch_4096/layer_022_iteration_0399.csv,503.6719,91.5130,0.1817,430,477.0000,1046,2.0767,0.8537,0,2.0703,1.0086,3.5023
4096,23,100,batch_4096/layer_023_iteration_0100.csv,504.4062,77.2158,0.1531,429,488.5000,1034,2.0499,0.8505,0,2.0430,1.0091,3.1225
4096,23,175,batch_4096/layer_023_iteration_0175.csv,504.0469,90.2018,0.1790,412,485.0000,1119,2.2200,0.8174,0,2.2129,1.0098,3.3747
4096,23,250,batch_4096/layer_023_iteration_0250.csv,504.2969,79.6823,0.1580,430,491.5000,1025,2.0325,0.8527,0,2.0371,1.0133,2.9982
4096,23,325,batch_4096/layer_023_iteration_0325.csv,504.2031,80.1191,0.1589,424,488.0000,1037,2.0567,0.8409,0,2.0781,1.0095,3.4986
4096,23,399,batch_4096/layer_023_iteration_0399.csv,503.9062,82.4723,0.1637,426,481.5000,1029,2.0420,0.8454,0,2.0332,1.0121,3.1256
4096,24,100,batch_4096/layer_024_iteration_0100.csv,503.8750,102.0329,0.2025,440,480.5000,1072,2.1275,0.8732,0,2.1152,1.0122,3.5009
4096,24,175,batch_4096/layer_024_iteration_0175.csv,504.0469,98.3227,0.1951,426,483.5000,1055,2.0931,0.8452,0,2.0938,1.0118,3.3747
4096,24,250,batch_4096/layer_024_iteration_0250.csv,503.2969,96.6334,0.1920,427,476.0000,1004,1.9948,0.8484,0,2.0059,1.0113,2.8790
4096,24,325,batch_4096/layer_024_iteration_0325.csv,503.7500,98.7465,0.1960,428,480.5000,1061,2.1062,0.8496,0,2.1152,1.0124,3.6268
4096,24,399,batch_4096/layer_024_iteration_0399.csv,504.1094,99.4100,0.1972,426,479.0000,1029,2.0412,0.8451,0,2.0508,1.0137,3.1243
4096,25,100,batch_4096/layer_025_iteration_0100.csv,503.5781,56.7100,0.1126,435,485.0000,814,1.6164,0.8638,0,1.6055,1.0128,2.8774
4096,25,175,batch_4096/layer_025_iteration_0175.csv,503.8281,55.9789,0.1111,401,494.0000,800,1.5878,0.7959,0,1.5762,1.0103,2.8760
4096,25,250,batch_4096/layer_025_iteration_0250.csv,503.9062,50.7801,0.1008,439,492.0000,774,1.5360,0.8712,0,1.5332,1.0121,2.6255
4096,25,325,batch_4096/layer_025_iteration_0325.csv,504.0781,57.6924,0.1145,446,492.5000,783,1.5533,0.8848,0,1.5547,1.0098,2.6246
4096,25,399,batch_4096/layer_025_iteration_0399.csv,504.3281,57.4810,0.1140,421,492.0000,795,1.5764,0.8348,0,1.5820,1.0093,2.6233
4096,26,100,batch_4096/layer_026_iteration_0100.csv,503.2969,37.6944,0.0749,440,494.5000,609,1.2100,0.8742,1,1.2090,1.0093,2.3783
4096,26,175,batch_4096/layer_026_iteration_0175.csv,503.9375,34.1892,0.0678,445,497.0000,613,1.2164,0.8830,0,1.2168,1.0160,2.5003
4096,26,250,batch_4096/layer_026_iteration_0250.csv,504.2500,40.5000,0.0803,440,494.5000,606,1.2018,0.8726,1,1.2070,1.0114,2.7486
4096,26,325,batch_4096/layer_026_iteration_0325.csv,503.6562,38.8069,0.0771,427,496.5000,610,1.2111,0.8478,0,1.2168,1.0086,2.3766
4096,26,399,batch_4096/layer_026_iteration_0399.csv,503.5625,39.7865,0.0790,440,493.5000,599,1.1895,0.8738,0,1.1934,1.0088,2.5022
4096,27,100,batch_4096/layer_027_iteration_0100.csv,504.2656,106.8925,0.2120,431,489.5000,1304,2.5859,0.8547,0,2.5625,1.0094,3.6231
4096,27,175,batch_4096/layer_027_iteration_0175.csv,504.0469,105.6549,0.2096,448,482.0000,1292,2.5633,0.8888,0,2.5664,1.0118,3.6247
4096,27,250,batch_4096/layer_027_iteration_0250.csv,503.9375,101.3956,0.2012,431,489.0000,1240,2.4606,0.8553,0,2.4551,1.0160,3.5004
4096,27,325,batch_4096/layer_027_iteration_0325.csv,503.9844,107.6060,0.2135,434,485.5000,1306,2.5914,0.8611,0,2.5918,1.0139,3.8751
4096,27,399,batch_4096/layer_027_iteration_0399.csv,504.2031,102.2998,0.2029,449,487.0000,1269,2.5168,0.8905,0,2.5039,1.0095,3.3736
4096,28,100,batch_4096/layer_028_iteration_0100.csv,503.6406,142.8822,0.2837,429,474.5000,1566,3.1094,0.8518,0,3.0918,1.0087,4.5032
4096,28,175,batch_4096/layer_028_iteration_0175.csv,504.2344,147.1108,0.2918,415,478.5000,1602,3.1771,0.8230,0,3.1816,1.0114,4.4979
4096,28,250,batch_4096/layer_028_iteration_0250.csv,503.8281,137.0663,0.2720,422,475.5000,1523,3.0229,0.8376,0,3.0176,1.0142,4.0014
4096,28,325,batch_4096/layer_028_iteration_0325.csv,503.9219,137.3592,0.2726,426,473.5000,1518,3.0124,0.8454,0,3.0215,1.0140,4.1256
4096,28,399,batch_4096/layer_028_iteration_0399.csv,504.6562,141.9745,0.2813,426,481.5000,1553,3.0773,0.8441,0,3.0703,1.0106,4.4941
4096,29,100,batch_4096/layer_029_iteration_0100.csv,503.7812,116.8652,0.2320,435,485.0000,1389,2.7571,0.8635,0,2.7363,1.0104,3.8767
4096,29,175,batch_4096/layer_029_iteration_0175.csv,503.9375,121.6956,0.2415,431,480.0000,1418,2.8138,0.8553,0,2.8008,1.0100,3.8755
4096,29,250,batch_4096/layer_029_iteration_0250.csv,503.7188,110.5347,0.2194,429,481.5000,1312,2.6046,0.8517,0,2.6113,1.0085,3.6270
4096,29,325,batch_4096/layer_029_iteration_0325.csv,503.2188,120.3730,0.2392,423,482.5000,1411,2.8039,0.8406,0,2.8145,1.0135,3.8810
4096,29,399,batch_4096/layer_029_iteration_0399.csv,504.0938,112.9583,0.2241,434,482.5000,1352,2.6820,0.8610,0,2.6875,1.0137,3.9993
4096,30,100,batch_4096/layer_030_iteration_0100.csv,504.3281,44.8780,0.0890,462,495.0000,788,1.5625,0.9161,0,1.5527,1.0093,2.6233
4096,30,175,batch_4096/layer_030_iteration_0175.csv,504.0000,52.3008,0.1038,445,496.5000,830,1.6468,0.8829,0,1.6367,1.0099,2.8750
4096,30,250,batch_4096/layer_030_iteration_0250.csv,504.6094,45.2685,0.0897,444,497.0000,765,1.5160,0.8799,0,1.5234,1.0087,2.6218
4096,30,325,batch_4096/layer_030_iteration_0325.csv,504.1094,48.9844,0.0972,456,494.5000,821,1.6286,0.9046,0,1.6367,1.0117,2.6244
4096,30,399,batch_4096/layer_030_iteration_0399.csv,503.8906,49.8147,0.0989,416,500.0000,818,1.6234,0.8256,0,1.6191,1.0101,2.5005
4096,31,100,batch_4096/layer_031_iteration_0100.csv,503.9062,34.9279,0.0693,445,498.0000,628,1.2463,0.8831,0,1.2520,1.0121,2.5005
4096,31,175,batch_4096/layer_031_iteration_0175.csv,503.9844,34.3891,0.0682,451,500.0000,637,1.2639,0.8949,0,1.2793,1.0100,2.5001
4096,31,250,batch_4096/layer_031_iteration_0250.csv,504.0938,35.5338,0.0705,431,504.0000,618,1.2260,0.8550,0,1.2363,1.0117,2.3746
4096,31,325,batch_4096/layer_031_iteration_0325.csv,503.7031,30.1489,0.0599,448,501.5000,604,1.1991,0.8894,0,1.1953,1.0085,2.3764
4096,31,399,batch_4096/layer_031_iteration_0399.csv,503.7188,34.7489,0.0690,442,495.5000,599,1.1892,0.8775,0,1.1855,1.0125,2.3763
4096,32,100,batch_4096/layer_032_iteration_0100.csv,504.2344,71.6174,0.1420,423,486.5000,875,1.7353,0.8389,0,1.7344,1.0095,2.7487
4096,32,175,batch_4096/layer_032_iteration_0175.csv,504.1250,67.5156,0.1339,428,487.5000,841,1.6682,0.8490,0,1.6621,1.0117,3.2492
4096,32,250,batch_4096/layer_032_iteration_0250.csv,503.9688,68.9508,0.1368,415,485.5000,803,1.5934,0.8235,0,1.5977,1.0140,2.5002
4096,32,325,batch_4096/layer_032_iteration_0325.csv,504.7188,66.4726,0.1317,411,490.5000,823,1.6306,0.8143,0,1.6445,1.0105,2.4964
4096,32,399,batch_4096/layer_032_iteration_0399.csv,504.1250,70.9241,0.1407,417,490.0000,841,1.6682,0.8272,0,1.6758,1.0136,2.6243
4096,33,100,batch_4096/layer_033_iteration_0100.csv,503.9062,43.8911,0.0871,445,493.0000,693,1.3753,0.8831,0,1.3711,1.0101,2.3754
4096,33,175,batch_4096/layer_033_iteration_0175.csv,504.1562,44.3372,0.0879,447,491.5000,701,1.3904,0.8866,0,1.3926,1.0116,2.4992
4096,33,250,batch_4096/layer_033_iteration_0250.csv,503.7188,48.0002,0.0953,427,499.5000,715,1.4194,0.8477,0,1.4199,1.0105,2.3763
4096,33,325,batch_4096/layer_033_iteration_0325.csv,503.5781,44.1757,0.0877,445,492.0000,695,1.3801,0.8837,0,1.3691,1.0128,2.5021
4096,33,399,batch_4096/layer_033_iteration_0399.csv,503.6719,49.2281,0.0977,422,498.0000,744,1.4772,0.8378,0,1.4707,1.0086,2.5016
4096,34,100,batch_4096/layer_034_iteration_0100.csv,503.7344,60.9368,0.1210,406,489.0000,811,1.6100,0.8060,0,1.5996,1.0105,2.7515
4096,34,175,batch_4096/layer_034_iteration_0175.csv,504.0938,63.5285,0.1260,422,486.5000,805,1.5969,0.8371,0,1.5879,1.0117,2.4995
4096,34,250,batch_4096/layer_034_iteration_0250.csv,503.5625,57.9983,0.1152,441,488.0000,796,1.5807,0.8758,0,1.5918,1.0128,2.5022
4096,34,325,batch_4096/layer_034_iteration_0325.csv,503.8750,62.0626,0.1232,431,494.0000,817,1.6214,0.8554,0,1.6211,1.0102,2.7507
4096,34,399,batch_4096/layer_034_iteration_0399.csv,504.1719,64.8820,0.1287,434,489.0000,830,1.6463,0.8608,0,1.6543,1.0116,3.2489
4096,35,100,batch_4096/layer_035_iteration_0100.csv,503.7812,32.8231,0.0652,439,495.5000,643,1.2763,0.8714,0,1.2637,1.0123,2.3760
4096,35,175,batch_4096/layer_035_iteration_0175.csv,504.0938,31.3522,0.0622,448,497.5000,627,1.2438,0.8887,0,1.2402,1.0097,2.3746
4096,35,250,batch_4096/layer_035_iteration_0250.csv,504.0000,28.5537,0.0567,434,501.5000,605,1.2004,0.8611,0,1.2070,1.0119,2.5000
4096,35,325,batch_4096/layer_035_iteration_0325.csv,503.4375,32.2155,0.0640,455,499.0000,633,1.2574,0.9038,0,1.2520,1.0091,2.6279
4096,35,399,batch_4096/layer_035_iteration_0399.csv,504.0156,35.6658,0.0708,452,502.5000,646,1.2817,0.8968,0,1.2793,1.0099,2.4999
4096,36,100,batch_4096/layer_036_iteration_0100.csv,504.7031,56.1445,0.1112,426,495.5000,773,1.5316,0.8441,0,1.5273,1.0125,2.4965
4096,36,175,batch_4096/layer_036_iteration_0175.csv,503.6562,60.3915,0.1199,441,489.0000,792,1.5725,0.8756,0,1.5664,1.0106,3.1271
4096,36,250,batch_4096/layer_036_iteration_0250.csv,503.8594,50.3574,0.0999,444,493.5000,737,1.4627,0.8812,1,1.4707,1.0142,2.3757
4096,36,325,batch_4096/layer_036_iteration_0325.csv,503.6875,59.0632,0.1173,427,492.0000,779,1.5466,0.8477,0,1.5605,1.0125,3.1269
4096,36,399,batch_4096/layer_036_iteration_0399.csv,504.0781,59.6525,0.1183,422,493.0000,784,1.5553,0.8372,0,1.5566,1.0098,2.4996
4096,37,100,batch_4096/layer_037_iteration_0100.csv,504.3281,35.4560,0.0703,435,500.5000,592,1.1738,0.8625,1,1.1738,1.0152,2.4984
4096,37,175,batch_4096/layer_037_iteration_0175.csv,503.9062,45.7991,0.0909,427,492.5000,656,1.3018,0.8474,1,1.2910,1.0141,2.5005
4096,37,250,batch_4096/layer_037_iteration_0250.csv,503.9531,40.9517,0.0813,451,492.5000,626,1.2422,0.8949,1,1.2363,1.0100,2.3752
4096,37,325,batch_4096/layer_037_iteration_0325.csv,503.7031,41.4694,0.0823,428,493.5000,598,1.1872,0.8497,1,1.1855,1.0085,2.6265
4096,37,399,batch_4096/layer_037_iteration_0399.csv,503.8594,45.0475,0.0894,438,493.5000,651,1.2920,0.8693,1,1.2773,1.0102,2.2506
4096,38,100,batch_4096/layer_038_iteration_0100.csv,503.9688,107.7831,0.2139,426,482.0000,1258,2.4962,0.8453,0,2.4863,1.0100,3.5002
4096,38,175,batch_4096/layer_038_iteration_0175.csv,504.1250,117.6506,0.2334,421,481.0000,1333,2.6442,0.8351,0,2.6348,1.0136,3.9990
4096,38,250,batch_4096/layer_038_iteration_0250.csv,503.4688,105.2997,0.2091,429,483.5000,1244,2.4709,0.8521,0,2.4785,1.0130,3.6288
4096,38,325,batch_4096/layer_038_iteration_0325.csv,502.9844,115.8799,0.2304,424,475.5000,1292,2.5687,0.8430,0,2.5762,1.0139,3.7576
4096,38,399,batch_4096/layer_038_iteration_0399.csv,503.7656,107.7827,0.2140,408,478.0000,1228,2.4376,0.8099,0,2.4336,1.0104,3.6267
4096,39,100,batch_4096/layer_039_iteration_0100.csv,504.1250,60.6644,0.1203,448,490.5000,762,1.5115,0.8887,0,1.5117,1.0117,2.3744
4096,39,175,batch_4096/layer_039_iteration_0175.csv,503.7812,62.1723,0.1234,423,494.5000,792,1.5721,0.8397,0,1.5742,1.0084,2.5011
4096,39,250,batch_4096/layer_039_iteration_0250.csv,504.2031,61.4866,0.1219,438,488.5000,743,1.4736,0.8687,0,1.4727,1.0115,2.6239
4096,39,325,batch_4096/layer_039_iteration_0325.csv,503.2500,59.6238,0.1185,430,495.0000,768,1.5261,0.8544,0,1.5215,1.0134,2.6289
4096,39,399,batch_4096/layer_039_iteration_0399.csv,504.5312,68.5848,0.1359,433,488.0000,822,1.6292,0.8582,0,1.6250,1.0108,2.9968
4096,40,100,batch_4096/layer_040_iteration_0100.csv,503.6875,33.5656,0.0666,425,498.0000,622,1.2349,0.8438,1,1.2344,1.0105,2.3765
4096,40,175,batch_4096/layer_040_iteration_0175.csv,504.1875,34.7392,0.0689,448,499.5000,633,1.2555,0.8886,4,1.2578,1.0095,2.3741
4096,40,250,batch_4096/layer_040_iteration_0250.csv,504.5625,35.4330,0.0702,449,499.5000,589,1.1673,0.8899,11,1.1719,1.0108,2.3724
4096,40,325,batch_4096/layer_040_iteration_0325.csv,503.8906,36.9434,0.0733,445,499.0000,634,1.2582,0.8831,1,1.2559,1.0141,2.6256
4096,40,399,batch_4096/layer_040_iteration_0399.csv,503.4844,34.3830,0.0683,442,501.0000,612,1.2155,0.8779,1,1.2090,1.0110,2.5026
4096,41,100,batch_4096/layer_041_iteration_0100.csv,504.1562,27.7996,0.0551,457,500.5000,607,1.2040,0.9065,1,1.2070,1.0096,2.4992
4096,41,175,batch_4096/layer_041_iteration_0175.csv,504.3750,38.5866,0.0765,445,499.0000,659,1.3066,0.8823,0,1.3047,1.0112,2.3732
4096,41,250,batch_4096/layer_041_iteration_0250.csv,504.2344,30.1246,0.0597,447,502.0000,596,1.1820,0.8865,0,1.1816,1.0095,2.6238
4096,41,325,batch_4096/layer_041_iteration_0325.csv,504.1719,33.1943,0.0658,442,497.0000,614,1.2178,0.8767,0,1.2148,1.0116,2.3742
4096,41,399,batch_4096/layer_041_iteration_0399.csv,503.6875,34.0169,0.0675,420,504.0000,605,1.2011,0.8339,0,1.2051,1.0105,2.6266
4096,42,100,batch_4096/layer_042_iteration_0100.csv,503.9219,39.1963,0.0778,457,495.0000,677,1.3435,0.9069,0,1.3457,1.0121,2.5004
4096,42,175,batch_4096/layer_042_iteration_0175.csv,504.2344,41.7480,0.0828,449,495.0000,715,1.4180,0.8905,0,1.4180,1.0095,2.3739
4096,42,250,batch_4096/layer_042_iteration_0250.csv,503.6250,40.9048,0.0812,442,495.0000,666,1.3224,0.8776,0,1.3262,1.0107,2.2517
4096,42,325,batch_4096/layer_042_iteration_0325.csv,504.1719,43.6164,0.0865,422,493.5000,684,1.3567,0.8370,0,1.3555,1.0135,2.4991
4096,42,399,batch_4096/layer_042_iteration_0399.csv,504.0000,44.7308,0.0888,419,498.0000,694,1.3770,0.8313,0,1.3789,1.0119,2.5000
4096,43,100,batch_4096/layer_043_iteration_0100.csv,503.9219,29.5932,0.0587,454,498.5000,597,1.1847,0.9009,7,1.1797,1.0101,2.3754
4096,43,175,batch_4096/layer_043_iteration_0175.csv,503.6719,29.2121,0.0580,446,501.5000,578,1.1476,0.8855,9,1.1426,1.0126,2.3765
4096,43,250,batch_4096/layer_043_iteration_0250.csv,503.9688,26.7704,0.0531,456,504.0000,570,1.1310,0.9048,8,1.1230,1.0159,2.5002
4096,43,325,batch_4096/layer_043_iteration_0325.csv,504.1406,29.0957,0.0577,443,497.5000,576,1.1425,0.8787,3,1.1387,1.0096,2.7492
4096,43,399,batch_4096/layer_043_iteration_0399.csv,503.8281,29.9315,0.0594,450,507.5000,580,1.1512,0.8932,0,1.1562,1.0103,2.5009
4096,44,100,batch_4096/layer_044_iteration_0100.csv,503.8906,37.3213,0.0741,451,500.0000,679,1.3475,0.8950,0,1.3418,1.0121,2.5005
4096,44,175,batch_4096/layer_044_iteration_0175.csv,504.2500,36.8269,0.0730,434,499.5000,696,1.3803,0.8607,0,1.3730,1.0114,2.4988
4096,44,250,batch_4096/layer_044_iteration_0250.csv,504.3281,33.5829,0.0666,442,503.5000,690,1.3682,0.8764,0,1.3691,1.0112,2.2485
4096,44,325,batch_4096/layer_044_iteration_0325.csv,503.7031,34.0407,0.0676,455,498.0000,641,1.2726,0.9033,0,1.2812,1.0125,2.3764
4096,44,399,batch_4096/layer_044_iteration_0399.csv,504.1250,37.1755,0.0737,422,502.0000,653,1.2953,0.8371,0,1.2891,1.0097,2.4994
4096,45,100,batch_4096/layer_045_iteration_0100.csv,504.0938,56.9281,0.1129,442,495.5000,818,1.6227,0.8768,0,1.6250,1.0117,2.6245
4096,45,175,batch_4096/layer_045_iteration_0175.csv,504.1250,56.3670,0.1118,420,497.5000,800,1.5869,0.8331,0,1.5879,1.0117,2.4994
4096,45,250,batch_4096/layer_045_iteration_0250.csv,504.2031,52.4020,0.1039,439,497.0000,814,1.6144,0.8707,0,1.6191,1.0115,2.4990
4096,45,325,batch_4096/layer_045_iteration_0325.csv,503.5156,57.7384,0.1147,440,490.5000,858,1.7040,0.8739,0,1.6973,1.0089,2.6275
4096,45,399,batch_4096/layer_045_iteration_0399.csv,504.8594,51.8197,0.1026,435,498.0000,809,1.6024,0.8616,0,1.6055,1.0102,2.4957
4096,46,100,batch_4096/layer_046_iteration_0100.csv,504.5312,46.2561,0.0917,441,503.5000,775,1.5361,0.8741,0,1.5332,1.0128,2.4974
4096,46,175,batch_4096/layer_046_iteration_0175.csv,504.1875,46.7546,0.0927,431,496.0000,765,1.5173,0.8548,0,1.5117,1.0115,2.8739
4096,46,250,batch_4096/layer_046_iteration_0250.csv,504.4688,41.8625,0.0830,450,498.5000,758,1.5026,0.8920,0,1.5059,1.0129,2.3728
4096,46,325,batch_4096/layer_046_iteration_0325.csv,504.3750,47.6424,0.0945,444,497.0000,797,1.5802,0.8803,0,1.5781,1.0092,2.6230
4096,46,399,batch_4096/layer_046_iteration_0399.csv,504.0000,50.0650,0.0993,436,496.0000,799,1.5853,0.8651,0,1.5820,1.0119,2.3750
4096,47,100,batch_4096/layer_047_iteration_0100.csv,503.7969,45.4004,0.0901,440,499.0000,754,1.4966,0.8734,0,1.4902,1.0083,2.5010
4096,47,175,batch_4096/layer_047_iteration_0175.csv,503.7656,46.2935,0.0919,420,497.0000,767,1.5225,0.8337,0,1.5156,1.0124,2.7513
4096,47,250,batch_4096/layer_047_iteration_0250.csv,504.2500,43.4756,0.0862,432,498.0000,721,1.4298,0.8567,0,1.4297,1.0134,2.4988
4096,47,325,batch_4096/layer_047_iteration_0325.csv,504.2344,45.9775,0.0912,451,496.0000,768,1.5231,0.8944,0,1.5273,1.0134,2.3739
4096,47,399,batch_4096/layer_047_iteration_0399.csv,504.2969,52.2472,0.1036,423,500.0000,796,1.5784,0.8388,0,1.5762,1.0113,2.4985
4096,48,100,batch_4096/layer_048_iteration_0100.csv,503.8125,44.4328,0.0882,439,497.5000,754,1.4966,0.8714,0,1.4961,1.0123,2.5009
4096,48,175,batch_4096/layer_048_iteration_0175.csv,503.8906,40.6287,0.0806,429,499.0000,698,1.3852,0.8514,0,1.3887,1.0141,2.3755
4096,48,250,batch_4096/layer_048_iteration_0250.csv,503.6875,43.1226,0.0856,439,496.0000,679,1.3481,0.8716,0,1.3496,1.0105,2.3765
4096,48,325,batch_4096/layer_048_iteration_0325.csv,503.7500,39.2603,0.0779,455,495.5000,708,1.4055,0.9032,0,1.4023,1.0104,2.7514
4096,48,399,batch_4096/layer_048_iteration_0399.csv,503.9375,45.0662,0.0894,435,494.0000,715,1.4188,0.8632,0,1.4258,1.0140,2.6253
4096,49,100,batch_4096/layer_049_iteration_0100.csv,504.1250,30.5893,0.0607,452,499.5000,646,1.2814,0.8966,0,1.2773,1.0097,2.4994
4096,49,175,batch_4096/layer_049_iteration_0175.csv,504.2031,32.4587,0.0644,444,501.0000,641,1.2713,0.8806,1,1.2656,1.0135,2.4990
4096,49,250,batch_4096/layer_049_iteration_0250.csv,503.7031,33.3840,0.0663,442,501.5000,612,1.2150,0.8775,1,1.2051,1.0085,2.5015
4096,49,325,batch_4096/layer_049_iteration_0325.csv,503.5938,29.3629,0.0583,450,494.0000,599,1.1895,0.8936,0,1.1816,1.0087,2.6271
4096,49,399,batch_4096/layer_049_iteration_0399.csv,503.6406,33.0952,0.0657,450,501.5000,650,1.2906,0.8935,1,1.2891,1.0126,2.3767
4096,50,100,batch_4096/layer_050_iteration_0100.csv,504.0938,32.2533,0.0640,448,501.0000,632,1.2537,0.8887,0,1.2500,1.0097,2.6245
4096,50,175,batch_4096/layer_050_iteration_0175.csv,503.6562,37.7567,0.0750,444,494.5000,687,1.3640,0.8816,0,1.3594,1.0126,2.5017
4096,50,250,batch_4096/layer_050_iteration_0250.csv,504.0625,36.6299,0.0727,432,499.5000,646,1.2816,0.8570,0,1.2793,1.0098,2.3747
4096,50,325,batch_4096/layer_050_iteration_0325.csv,504.0469,30.5524,0.0606,458,501.0000,624,1.2380,0.9086,0,1.2461,1.0138,2.3748
4096,50,399,batch_4096/layer_050_iteration_0399.csv,504.2031,35.8457,0.0711,440,499.5000,664,1.3169,0.8727,0,1.3145,1.0095,2.4990
4096,51,100,batch_4096/layer_051_iteration_0100.csv,504.1094,25.6826,0.0509,434,504.0000,571,1.1327,0.8609,0,1.1309,1.0097,2.2495
4096,51,175,batch_4096/layer_051_iteration_0175.csv,504.5312,20.7010,0.0410,452,504.0000,540,1.0703,0.8959,9,1.0703,1.0108,2.3725
4096,51,250,batch_4096/layer_051_iteration_0250.csv,503.6562,23.6697,0.0470,455,503.0000,563,1.1178,0.9034,22,1.1113,1.0126,2.2515
4096,51,325,batch_4096/layer_051_iteration_0325.csv,504.2656,24.5791,0.0487,455,503.5000,570,1.1304,0.9023,3,1.1406,1.0134,2.4987
4096,51,399,batch_4096/layer_051_iteration_0399.csv,503.7969,28.7718,0.0571,448,502.0000,573,1.1374,0.8892,7,1.1523,1.0103,2.6261
4096,52,100,batch_4096/layer_052_iteration_0100.csv,504.1094,65.3060,0.1295,417,494.0000,983,1.9500,0.8272,0,1.9434,1.0117,2.7494
4096,52,175,batch_4096/layer_052_iteration_0175.csv,504.6562,70.7582,0.1402,427,495.0000,1013,2.0073,0.8461,0,2.0039,1.0146,2.9961
4096,52,250,batch_4096/layer_052_iteration_0250.csv,504.3750,65.0501,0.1290,442,496.0000,974,1.9311,0.8763,0,1.9355,1.0092,2.6230
4096,52,325,batch_4096/layer_052_iteration_0325.csv,504.0625,67.9947,0.1349,432,494.0000,997,1.9779,0.8570,0,1.9785,1.0098,2.8746
4096,52,399,batch_4096/layer_052_iteration_0399.csv,504.5469,72.2318,0.1432,445,491.5000,1010,2.0018,0.8820,0,2.0020,1.0108,2.9967
4096,53,100,batch_4096/layer_053_iteration_0100.csv,504.5000,42.3383,0.0839,448,499.5000,763,1.5124,0.8880,0,1.5059,1.0109,2.4975
4096,53,175,batch_4096/layer_053_iteration_0175.csv,504.5312,46.9514,0.0931,443,498.0000,793,1.5718,0.8780,0,1.5742,1.0069,2.4974
4096,53,250,batch_4096/layer_053_iteration_0250.csv,504.3125,47.0730,0.0933,438,498.0000,778,1.5427,0.8685,0,1.5312,1.0133,2.3735
4096,53,325,batch_4096/layer_053_iteration_0325.csv,503.9062,44.9234,0.0892,432,494.5000,753,1.4943,0.8573,0,1.4902,1.0101,2.3754
4096,53,399,batch_4096/layer_053_iteration_0399.csv,504.2344,51.2911,0.1017,426,495.0000,780,1.5469,0.8448,0,1.5371,1.0114,2.6238
4096,54,100,batch_4096/layer_054_iteration_0100.csv,503.5625,23.9673,0.0476,453,502.5000,576,1.1439,0.8996,0,1.1504,1.0088,2.7524
4096,54,175,batch_4096/layer_054_iteration_0175.csv,504.4219,28.2538,0.0560,464,500.5000,630,1.2490,0.9199,0,1.2461,1.0111,2.4979
4096,54,250,batch_4096/layer_054_iteration_0250.csv,503.9531,31.4799,0.0625,460,499.0000,620,1.2303,0.9128,0,1.2207,1.0080,2.8753
4096,54,325,batch_4096/layer_054_iteration_0325.csv,503.6250,25.9606,0.0515,432,507.0000,580,1.1517,0.8578,0,1.1445,1.0107,2.5019
4096,54,399,batch_4096/layer_054_iteration_0399.csv,503.9531,31.8627,0.0632,456,500.5000,616,1.2223,0.9048,2,1.2188,1.0100,2.5002
4096,55,100,batch_4096/layer_055_iteration_0100.csv,504.4062,55.3697,0.1098,441,498.0000,856,1.6970,0.8743,0,1.6855,1.0111,2.7478
4096,55,175,batch_4096/layer_055_iteration_0175.csv,503.8906,57.7135,0.1145,435,493.5000,846,1.6789,0.8633,0,1.6699,1.0101,2.7506
4096,55,250,batch_4096/layer_055_iteration_0250.csv,504.9688,56.4491,0.1118,445,496.0000,853,1.6892,0.8812,0,1.6855,1.0100,2.7447
4096,55,325,batch_4096/layer_055_iteration_0325.csv,504.1719,59.8131,0.1186,436,489.0000,853,1.6919,0.8648,0,1.7031,1.0116,2.6241
4096,55,399,batch_4096/layer_055_iteration_0399.csv,504.1875,59.1560,0.1173,426,493.5000,837,1.6601,0.8449,0,1.6738,1.0095,2.4991
4096,56,100,batch_4096/layer_056_iteration_0100.csv,504.0469,23.0336,0.0457,448,502.5000,561,1.1130,0.8888,3,1.1172,1.0098,2.4998
4096,56,175,batch_4096/layer_056_iteration_0175.csv,503.7031,26.9181,0.0534,455,502.0000,600,1.1912,0.9033,0,1.1914,1.0125,2.2513
4096,56,250,batch_4096/layer_056_iteration_0250.csv,503.9375,24.4041,0.0484,453,500.5000,573,1.1370,0.8989,1,1.1348,1.0140,2.3753
4096,56,325,batch_4096/layer_056_iteration_0325.csv,504.5156,26.2619,0.0521,454,502.0000,604,1.1972,0.8999,0,1.1934,1.0089,2.4974
4096,56,399,batch_4096/layer_056_iteration_0399.csv,504.0781,23.6295,0.0469,448,506.5000,566,1.1228,0.8888,0,1.1211,1.0117,2.3746
4096,57,100,batch_4096/layer_057_iteration_0100.csv,504.2656,36.6368,0.0727,450,498.0000,637,1.2632,0.8924,0,1.2676,1.0114,2.4987
4096,57,175,batch_4096/layer_057_iteration_0175.csv,504.2188,39.9110,0.0792,432,497.0000,648,1.2852,0.8568,1,1.2852,1.0115,2.6239
4096,57,250,batch_4096/layer_057_iteration_0250.csv,504.1719,42.0422,0.0834,442,496.0000,681,1.3507,0.8767,0,1.3438,1.0116,2.7491
4096,57,325,batch_4096/layer_057_iteration_0325.csv,503.8906,41.8196,0.0830,439,495.0000,658,1.3058,0.8712,1,1.2969,1.0101,2.5005
4096,57,399,batch_4096/layer_057_iteration_0399.csv,503.9844,45.9121,0.0911,421,501.0000,666,1.3215,0.8353,2,1.3203,1.0100,2.3751
4096,58,100,batch_4096/layer_058_iteration_0100.csv,503.6719,46.3297,0.0920,436,496.5000,792,1.5725,0.8656,0,1.5664,1.0086,2.3765
4096,58,175,batch_4096/layer_058_iteration_0175.csv,504.1562,52.1860,0.1035,435,495.0000,778,1.5432,0.8628,0,1.5410,1.0096,2.7491
4096,58,250,batch_4096/layer_058_iteration_0250.csv,504.1562,47.3403,0.0939,430,491.5000,752,1.4916,0.8529,0,1.4863,1.0136,2.6242
4096,58,325,batch_4096/layer_058_iteration_0325.csv,503.3750,47.6211,0.0946,440,497.5000,767,1.5237,0.8741,0,1.5234,1.0112,2.5031
4096,58,399,batch_4096/layer_058_iteration_0399.csv,503.9844,45.7870,0.0909,419,500.5000,742,1.4723,0.8314,0,1.4688,1.0100,2.7501
4096,59,100,batch_4096/layer_059_iteration_0100.csv,504.1250,32.3470,0.0642,456,496.0000,590,1.1703,0.9045,0,1.1660,1.0097,2.3744
4096,59,175,batch_4096/layer_059_iteration_0175.csv,503.6562,30.5891,0.0607,436,502.0000,594,1.1794,0.8657,0,1.1816,1.0126,2.2515
4096,59,250,batch_4096/layer_059_iteration_0250.csv,503.8594,29.3497,0.0582,450,505.0000,577,1.1452,0.8931,6,1.1543,1.0122,2.5007
4096,59,325,batch_4096/layer_059_iteration_0325.csv,504.0469,29.0428,0.0576,446,502.0000,584,1.1586,0.8848,5,1.1602,1.0098,2.3748
4096,59,399,batch_4096/layer_059_iteration_0399.csv,503.7812,30.6484,0.0608,440,500.0000,577,1.1453,0.8734,1,1.1406,1.0104,2.3760
4096,60,100,batch_4096/layer_060_iteration_0100.csv,504.3594,34.3704,0.0681,438,498.5000,605,1.1995,0.8684,0,1.2012,1.0112,2.6231
4096,60,175,batch_4096/layer_060_iteration_0175.csv,504.2812,35.6684,0.0707,436,498.5000,618,1.2255,0.8646,2,1.2266,1.0094,2.2487
4096,60,250,batch_4096/layer_060_iteration_0250.csv,503.6250,30.3148,0.0602,451,501.0000,602,1.1953,0.8955,2,1.1895,1.0107,2.6270
4096,60,325,batch_4096/layer_060_iteration_0325.csv,503.7344,31.0384,0.0616,431,500.5000,579,1.1494,0.8556,2,1.1543,1.0105,2.5013
4096,60,399,batch_4096/layer_060_iteration_0399.csv,503.4688,35.2557,0.0700,441,490.0000,613,1.2176,0.8759,2,1.2207,1.0110,2.3775
